"Step","cnn_dr_0.9 - train loss","cnn_dr_0.9 - train loss__MIN","cnn_dr_0.9 - train loss__MAX","cnn_dr_0.8 - train loss","cnn_dr_0.8 - train loss__MIN","cnn_dr_0.8 - train loss__MAX","cnn_dr_0.7 - train loss","cnn_dr_0.7 - train loss__MIN","cnn_dr_0.7 - train loss__MAX","cnn_dr_0.6 - train loss","cnn_dr_0.6 - train loss__MIN","cnn_dr_0.6 - train loss__MAX","cnn_dr_0.5 - train loss","cnn_dr_0.5 - train loss__MIN","cnn_dr_0.5 - train loss__MAX","cnn_dr_0.4 - train loss","cnn_dr_0.4 - train loss__MIN","cnn_dr_0.4 - train loss__MAX","cnn_dr_0.3 - train loss","cnn_dr_0.3 - train loss__MIN","cnn_dr_0.3 - train loss__MAX","cnn_dr_0.2 - train loss","cnn_dr_0.2 - train loss__MIN","cnn_dr_0.2 - train loss__MAX","cnn_dr_0.1 - train loss","cnn_dr_0.1 - train loss__MIN","cnn_dr_0.1 - train loss__MAX"
"1","2.846535566449165","2.846535566449165","2.846535566449165","2.4824709171056747","2.4824709171056747","2.4824709171056747","2.1818638160824775","2.1818638160824775","2.1818638160824775","2.012086399793625","2.012086399793625","2.012086399793625","1.9362234473228455","1.9362234473228455","1.9362234473228455","1.7654249945282936","1.7654249945282936","1.7654249945282936","1.7021651610732078","1.7021651610732078","1.7021651610732078","1.604693061709404","1.604693061709404","1.604693061709404","1.5261847884953021","1.5261847884953021","1.5261847884953021"
"2","2.1745931950211523","2.1745931950211523","2.1745931950211523","1.9265582662820817","1.9265582662820817","1.9265582662820817","1.75493168592453","1.75493168592453","1.75493168592453","1.6015508580207825","1.6015508580207825","1.6015508580207825","1.5274413040280341","1.5274413040280341","1.5274413040280341","1.3552610486745835","1.3552610486745835","1.3552610486745835","1.271783762872219","1.271783762872219","1.271783762872219","1.1909573191404343","1.1909573191404343","1.1909573191404343","1.1097804006934167","1.1097804006934167","1.1097804006934167"
"3","2.0934348845481874","2.0934348845481874","2.0934348845481874","1.8011467045545577","1.8011467045545577","1.8011467045545577","1.6116896179318427","1.6116896179318427","1.6116896179318427","1.441988126039505","1.441988126039505","1.441988126039505","1.3456931927800178","1.3456931927800178","1.3456931927800178","1.2028696431219579","1.2028696431219579","1.2028696431219579","1.1210211174190043","1.1210211174190043","1.1210211174190043","1.0341348791122436","1.0341348791122436","1.0341348791122436","0.9561533467471599","0.9561533467471599","0.9561533467471599"
"4","2.0485148546099663","2.0485148546099663","2.0485148546099663","1.7387727037072183","1.7387727037072183","1.7387727037072183","1.527677727341652","1.527677727341652","1.527677727341652","1.3480832478404046","1.3480832478404046","1.3480832478404046","1.2301575139164924","1.2301575139164924","1.2301575139164924","1.1062129630148412","1.1062129630148412","1.1062129630148412","1.0156163281202317","1.0156163281202317","1.0156163281202317","0.9202833418548108","0.9202833418548108","0.9202833418548108","0.8446682299673557","0.8446682299673557","0.8446682299673557"
"5","2.013907325565815","2.013907325565815","2.013907325565815","1.7026555594801902","1.7026555594801902","1.7026555594801902","1.4736918354034423","1.4736918354034423","1.4736918354034423","1.2839927211403848","1.2839927211403848","1.2839927211403848","1.1625992779433727","1.1625992779433727","1.1625992779433727","1.0442877653241158","1.0442877653241158","1.0442877653241158","0.9553361417353153","0.9553361417353153","0.9553361417353153","0.855864313095808","0.855864313095808","0.855864313095808","0.7662442909926176","0.7662442909926176","0.7662442909926176"
"6","1.9932824096083641","1.9932824096083641","1.9932824096083641","1.659784855246544","1.659784855246544","1.659784855246544","1.429610124528408","1.429610124528408","1.429610124528408","1.2376526181399823","1.2376526181399823","1.2376526181399823","1.1153329873085023","1.1153329873085023","1.1153329873085023","0.9939366766810417","0.9939366766810417","0.9939366766810417","0.9017895862460137","0.9017895862460137","0.9017895862460137","0.7954076346755028","0.7954076346755028","0.7954076346755028","0.7050258277356625","0.7050258277356625","0.7050258277356625"
"7","1.9681335577368737","1.9681335577368737","1.9681335577368737","1.634801543354988","1.634801543354988","1.634801543354988","1.3931714484095574","1.3931714484095574","1.3931714484095574","1.204202056080103","1.204202056080103","1.204202056080103","1.0698717011511325","1.0698717011511325","1.0698717011511325","0.9470836697518825","0.9470836697518825","0.9470836697518825","0.8525461047887802","0.8525461047887802","0.8525461047887802","0.7506237678229809","0.7506237678229809","0.7506237678229809","0.63631087847054","0.63631087847054","0.63631087847054"
"8","1.9532896444201469","1.9532896444201469","1.9532896444201469","1.6096588635444642","1.6096588635444642","1.6096588635444642","1.3624534228444098","1.3624534228444098","1.3624534228444098","1.1734025263786316","1.1734025263786316","1.1734025263786316","1.0310827238857747","1.0310827238857747","1.0310827238857747","0.9154339055716991","0.9154339055716991","0.9154339055716991","0.8162105377018452","0.8162105377018452","0.8162105377018452","0.6989196361601353","0.6989196361601353","0.6989196361601353","0.5922526255249977","0.5922526255249977","0.5922526255249977"
"9","1.9344752505421638","1.9344752505421638","1.9344752505421638","1.586329715847969","1.586329715847969","1.586329715847969","1.3322076311707496","1.3322076311707496","1.3322076311707496","1.1478250747919083","1.1478250747919083","1.1478250747919083","1.0024267183244229","1.0024267183244229","1.0024267183244229","0.8826695574820042","0.8826695574820042","0.8826695574820042","0.7825604195892811","0.7825604195892811","0.7825604195892811","0.6641855316609144","0.6641855316609144","0.6641855316609144","0.5521857612580061","0.5521857612580061","0.5521857612580061"
"10","1.9251066222786903","1.9251066222786903","1.9251066222786903","1.5713498470187188","1.5713498470187188","1.5713498470187188","1.3073018690943718","1.3073018690943718","1.3073018690943718","1.1200400725007058","1.1200400725007058","1.1200400725007058","0.981795153170824","0.981795153170824","0.981795153170824","0.8521765811741352","0.8521765811741352","0.8521765811741352","0.7524106768518686","0.7524106768518686","0.7524106768518686","0.6304812843352556","0.6304812843352556","0.6304812843352556","0.5039724058657885","0.5039724058657885","0.5039724058657885"
"11","1.9140753722190857","1.9140753722190857","1.9140753722190857","1.5460853844881057","1.5460853844881057","1.5460853844881057","1.3041749784350396","1.3041749784350396","1.3041749784350396","1.098424190580845","1.098424190580845","1.098424190580845","0.9551309059560299","0.9551309059560299","0.9551309059560299","0.8285009887814522","0.8285009887814522","0.8285009887814522","0.7242405747622251","0.7242405747622251","0.7242405747622251","0.5958947648853063","0.5958947648853063","0.5958947648853063","0.4583612736314535","0.4583612736314535","0.4583612736314535"
"12","1.9047681361436843","1.9047681361436843","1.9047681361436843","1.528331297338009","1.528331297338009","1.528331297338009","1.275234261751175","1.275234261751175","1.275234261751175","1.077509731799364","1.077509731799364","1.077509731799364","0.9297033476829529","0.9297033476829529","0.9297033476829529","0.8035394351184368","0.8035394351184368","0.8035394351184368","0.6955732880532741","0.6955732880532741","0.6955732880532741","0.554648128002882","0.554648128002882","0.554648128002882","0.4246523650735617","0.4246523650735617","0.4246523650735617"
"13","1.884708034992218","1.884708034992218","1.884708034992218","1.5171211761236192","1.5171211761236192","1.5171211761236192","1.2636244039237499","1.2636244039237499","1.2636244039237499","1.0710387127101422","1.0710387127101422","1.0710387127101422","0.9169565457105636","0.9169565457105636","0.9169565457105636","0.7840687493979931","0.7840687493979931","0.7840687493979931","0.6657954253256321","0.6657954253256321","0.6657954253256321","0.5292203686386346","0.5292203686386346","0.5292203686386346","0.3845070619136095","0.3845070619136095","0.3845070619136095"
"14","1.8779841294884683","1.8779841294884683","1.8779841294884683","1.5057778072357177","1.5057778072357177","1.5057778072357177","1.2488764902949334","1.2488764902949334","1.2488764902949334","1.0544799993932248","1.0544799993932248","1.0544799993932248","0.8969859404861927","0.8969859404861927","0.8969859404861927","0.7641128996014594","0.7641128996014594","0.7641128996014594","0.6483661240339279","0.6483661240339279","0.6483661240339279","0.5001014932245016","0.5001014932245016","0.5001014932245016","0.3584041467681527","0.3584041467681527","0.3584041467681527"
"15","1.8658252620697022","1.8658252620697022","1.8658252620697022","1.492981489598751","1.492981489598751","1.492981489598751","1.2354901577532291","1.2354901577532291","1.2354901577532291","1.0386137191951275","1.0386137191951275","1.0386137191951275","0.8865514349937439","0.8865514349937439","0.8865514349937439","0.7455955398082733","0.7455955398082733","0.7455955398082733","0.6238532522320748","0.6238532522320748","0.6238532522320748","0.4774574035406113","0.4774574035406113","0.4774574035406113","0.3300944828987122","0.3300944828987122","0.3300944828987122"
"16","1.854754553437233","1.854754553437233","1.854754553437233","1.4802962583303452","1.4802962583303452","1.4802962583303452","1.2133823335170746","1.2133823335170746","1.2133823335170746","1.0179266713559627","1.0179266713559627","1.0179266713559627","0.8644539634883404","0.8644539634883404","0.8644539634883404","0.7296836600452662","0.7296836600452662","0.7296836600452662","0.5971458157151938","0.5971458157151938","0.5971458157151938","0.4488226181268692","0.4488226181268692","0.4488226181268692","0.28973244469612836","0.28973244469612836","0.28973244469612836"
"17","1.8476018044352531","1.8476018044352531","1.8476018044352531","1.468457535803318","1.468457535803318","1.468457535803318","1.208769057095051","1.208769057095051","1.208769057095051","1.0126081693172455","1.0126081693172455","1.0126081693172455","0.8527260279655456","0.8527260279655456","0.8527260279655456","0.7071879214048385","0.7071879214048385","0.7071879214048385","0.5763070304691792","0.5763070304691792","0.5763070304691792","0.42878101132810115","0.42878101132810115","0.42878101132810115","0.27781985864043235","0.27781985864043235","0.27781985864043235"
"18","1.840074255466461","1.840074255466461","1.840074255466461","1.45875242292881","1.45875242292881","1.45875242292881","1.1953966906666755","1.1953966906666755","1.1953966906666755","0.996137458384037","0.996137458384037","0.996137458384037","0.8447979539632797","0.8447979539632797","0.8447979539632797","0.6954893974214792","0.6954893974214792","0.6954893974214792","0.5660717712342739","0.5660717712342739","0.5660717712342739","0.4086933357641101","0.4086933357641101","0.4086933357641101","0.25893682550638913","0.25893682550638913","0.25893682550638913"
"19","1.8322780209779739","1.8322780209779739","1.8322780209779739","1.4463251250982285","1.4463251250982285","1.4463251250982285","1.1869845105707646","1.1869845105707646","1.1869845105707646","0.9872793547809124","0.9872793547809124","0.9872793547809124","0.8266514569520951","0.8266514569520951","0.8266514569520951","0.6785881376266479","0.6785881376266479","0.6785881376266479","0.5469790414720773","0.5469790414720773","0.5469790414720773","0.3944642298668623","0.3944642298668623","0.3944642298668623","0.2377611972950399","0.2377611972950399","0.2377611972950399"
"20","1.8246740794181824","1.8246740794181824","1.8246740794181824","1.4320949721336365","1.4320949721336365","1.4320949721336365","1.177725374251604","1.177725374251604","1.177725374251604","0.9796510143578052","0.9796510143578052","0.9796510143578052","0.8172393821179866","0.8172393821179866","0.8172393821179866","0.6633016884326934","0.6633016884326934","0.6633016884326934","0.5272443270683289","0.5272443270683289","0.5272443270683289","0.37529348947107793","0.37529348947107793","0.37529348947107793","0.21805823547765613","0.21805823547765613","0.21805823547765613"
"21","1.8174625995755196","1.8174625995755196","1.8174625995755196","1.4245345765352249","1.4245345765352249","1.4245345765352249","1.1696687431633472","1.1696687431633472","1.1696687431633472","0.9752417866885662","0.9752417866885662","0.9752417866885662","0.8036160145699978","0.8036160145699978","0.8036160145699978","0.6509774494171142","0.6509774494171142","0.6509774494171142","0.5123083992302417","0.5123083992302417","0.5123083992302417","0.36021456453949213","0.36021456453949213","0.36021456453949213","0.20361264411360025","0.20361264411360025","0.20361264411360025"
"22","1.8083820912241935","1.8083820912241935","1.8083820912241935","1.4248372223973274","1.4248372223973274","1.4248372223973274","1.16160719409585","1.16160719409585","1.16160719409585","0.9667996361851692","0.9667996361851692","0.9667996361851692","0.7959453696012497","0.7959453696012497","0.7959453696012497","0.642426343485713","0.642426343485713","0.642426343485713","0.5040232630074024","0.5040232630074024","0.5040232630074024","0.3369319586455822","0.3369319586455822","0.3369319586455822","0.1937893632799387","0.1937893632799387","0.1937893632799387"
"23","1.7972748199105262","1.7972748199105262","1.7972748199105262","1.41504031971097","1.41504031971097","1.41504031971097","1.1596843849122525","1.1596843849122525","1.1596843849122525","0.953937478363514","0.953937478363514","0.953937478363514","0.7812808120250702","0.7812808120250702","0.7812808120250702","0.6272534862160682","0.6272534862160682","0.6272534862160682","0.48486040249466894","0.48486040249466894","0.48486040249466894","0.32030074011534454","0.32030074011534454","0.32030074011534454","0.177412456125021","0.177412456125021","0.177412456125021"
"24","1.7946001014113426","1.7946001014113426","1.7946001014113426","1.408705558180809","1.408705558180809","1.408705558180809","1.1468576543033122","1.1468576543033122","1.1468576543033122","0.9449408949911594","0.9449408949911594","0.9449408949911594","0.771795682311058","0.771795682311058","0.771795682311058","0.6131083445250988","0.6131083445250988","0.6131083445250988","0.4703818714246154","0.4703818714246154","0.4703818714246154","0.30670885991305114","0.30670885991305114","0.30670885991305114","0.16957613747566938","0.16957613747566938","0.16957613747566938"
"25","1.7920374697446824","1.7920374697446824","1.7920374697446824","1.3994404849410058","1.3994404849410058","1.3994404849410058","1.1360830755531788","1.1360830755531788","1.1360830755531788","0.941543343514204","0.941543343514204","0.941543343514204","0.760871494486928","0.760871494486928","0.760871494486928","0.5997789730131626","0.5997789730131626","0.5997789730131626","0.4598776666820049","0.4598776666820049","0.4598776666820049","0.30306357946246865","0.30306357946246865","0.30306357946246865","0.16131816823035477","0.16131816823035477","0.16131816823035477"
"26","1.790332132577896","1.790332132577896","1.790332132577896","1.3891776144504546","1.3891776144504546","1.3891776144504546","1.1208549064397813","1.1208549064397813","1.1208549064397813","0.9317877526581287","0.9317877526581287","0.9317877526581287","0.7522709248960018","0.7522709248960018","0.7522709248960018","0.5928596703708172","0.5928596703708172","0.5928596703708172","0.4542059163749218","0.4542059163749218","0.4542059163749218","0.2873128094896674","0.2873128094896674","0.2873128094896674","0.15293821717612446","0.15293821717612446","0.15293821717612446"
"27","1.7758704963326455","1.7758704963326455","1.7758704963326455","1.3896633011102677","1.3896633011102677","1.3896633011102677","1.1209074822068215","1.1209074822068215","1.1209074822068215","0.9208712214231491","0.9208712214231491","0.9208712214231491","0.7480592854321003","0.7480592854321003","0.7480592854321003","0.5843151903897524","0.5843151903897524","0.5843151903897524","0.4354550179466605","0.4354550179466605","0.4354550179466605","0.2777567099779844","0.2777567099779844","0.2777567099779844","0.1450061657372862","0.1450061657372862","0.1450061657372862"
"28","1.7763619366288186","1.7763619366288186","1.7763619366288186","1.3747214558720589","1.3747214558720589","1.3747214558720589","1.1174456290900707","1.1174456290900707","1.1174456290900707","0.9197193855047225","0.9197193855047225","0.9197193855047225","0.7352193585038185","0.7352193585038185","0.7352193585038185","0.571880162730813","0.571880162730813","0.571880162730813","0.4275765347853303","0.4275765347853303","0.4275765347853303","0.2671736323088407","0.2671736323088407","0.2671736323088407","0.13849207654595375","0.13849207654595375","0.13849207654595375"
"29","1.7774371904134751","1.7774371904134751","1.7774371904134751","1.379060527086258","1.379060527086258","1.379060527086258","1.1105971969664097","1.1105971969664097","1.1105971969664097","0.9120276975631714","0.9120276975631714","0.9120276975631714","0.731226940229535","0.731226940229535","0.731226940229535","0.5661009959131479","0.5661009959131479","0.5661009959131479","0.41434464368969204","0.41434464368969204","0.41434464368969204","0.2615372061356902","0.2615372061356902","0.2615372061356902","0.13208988402970134","0.13208988402970134","0.13208988402970134"
"30","1.7740130630135535","1.7740130630135535","1.7740130630135535","1.3712270042300225","1.3712270042300225","1.3712270042300225","1.1018248589336872","1.1018248589336872","1.1018248589336872","0.9001919816434384","0.9001919816434384","0.9001919816434384","0.724554364606738","0.724554364606738","0.724554364606738","0.5628936772048473","0.5628936772048473","0.5628936772048473","0.4099734830111265","0.4099734830111265","0.4099734830111265","0.2524320065975189","0.2524320065975189","0.2524320065975189","0.1278588960506022","0.1278588960506022","0.1278588960506022"
"31","1.756880521774292","1.756880521774292","1.756880521774292","1.3625152319669724","1.3625152319669724","1.3625152319669724","1.0954002341628075","1.0954002341628075","1.0954002341628075","0.89637462079525","0.89637462079525","0.89637462079525","0.7117028408497572","0.7117028408497572","0.7117028408497572","0.5479070850461721","0.5479070850461721","0.5479070850461721","0.39702583085745574","0.39702583085745574","0.39702583085745574","0.24554812574759124","0.24554812574759124","0.24554812574759124","0.12170860445126891","0.12170860445126891","0.12170860445126891"
"32","1.7532318702340126","1.7532318702340126","1.7532318702340126","1.363269290328026","1.363269290328026","1.363269290328026","1.0962325245141984","1.0962325245141984","1.0962325245141984","0.8983241091668606","0.8983241091668606","0.8983241091668606","0.7077581592649221","0.7077581592649221","0.7077581592649221","0.5427046472579241","0.5427046472579241","0.5427046472579241","0.3975666118785739","0.3975666118785739","0.3975666118785739","0.23858837489038706","0.23858837489038706","0.23858837489038706","0.12200552728027106","0.12200552728027106","0.12200552728027106"
"33","1.7531636136770248","1.7531636136770248","1.7531636136770248","1.35544229388237","1.35544229388237","1.35544229388237","1.0876264974474907","1.0876264974474907","1.0876264974474907","0.8892347949743271","0.8892347949743271","0.8892347949743271","0.6970084772258996","0.6970084772258996","0.6970084772258996","0.5298609372973442","0.5298609372973442","0.5298609372973442","0.3825746658071876","0.3825746658071876","0.3825746658071876","0.23349239790812135","0.23349239790812135","0.23349239790812135","0.11182091752067208","0.11182091752067208","0.11182091752067208"
"34","1.747342872619629","1.747342872619629","1.747342872619629","1.341372895538807","1.341372895538807","1.341372895538807","1.08066300496459","1.08066300496459","1.08066300496459","0.884856970757246","0.884856970757246","0.884856970757246","0.7028658515214921","0.7028658515214921","0.7028658515214921","0.5267158798128366","0.5267158798128366","0.5267158798128366","0.3811503158137202","0.3811503158137202","0.3811503158137202","0.2260207500308752","0.2260207500308752","0.2260207500308752","0.11027887535281479","0.11027887535281479","0.11027887535281479"
"35","1.7429018461704253","1.7429018461704253","1.7429018461704253","1.3409237709641457","1.3409237709641457","1.3409237709641457","1.0794967699050904","1.0794967699050904","1.0794967699050904","0.8745211569964886","0.8745211569964886","0.8745211569964886","0.6913995327800513","0.6913995327800513","0.6913995327800513","0.5251574962586164","0.5251574962586164","0.5251574962586164","0.3728211871162057","0.3728211871162057","0.3728211871162057","0.2154083339124918","0.2154083339124918","0.2154083339124918","0.1023313924157992","0.1023313924157992","0.1023313924157992"
"36","1.7431390556693076","1.7431390556693076","1.7431390556693076","1.3454193061590194","1.3454193061590194","1.3454193061590194","1.0704376196861267","1.0704376196861267","1.0704376196861267","0.8693069426715374","0.8693069426715374","0.8693069426715374","0.684370413646102","0.684370413646102","0.684370413646102","0.5121413372457028","0.5121413372457028","0.5121413372457028","0.36295527264475824","0.36295527264475824","0.36295527264475824","0.21351798435673117","0.21351798435673117","0.21351798435673117","0.10284067564178258","0.10284067564178258","0.10284067564178258"
"37","1.7342267888784408","1.7342267888784408","1.7342267888784408","1.334734587073326","1.334734587073326","1.334734587073326","1.0659376791119575","1.0659376791119575","1.0659376791119575","0.8648423838615418","0.8648423838615418","0.8648423838615418","0.6785218073427677","0.6785218073427677","0.6785218073427677","0.5095376683771611","0.5095376683771611","0.5095376683771611","0.3584020164236426","0.3584020164236426","0.3584020164236426","0.21175044002011417","0.21175044002011417","0.21175044002011417","0.10143610847182571","0.10143610847182571","0.10143610847182571"
"38","1.7326306015253068","1.7326306015253068","1.7326306015253068","1.3229889930784702","1.3229889930784702","1.3229889930784702","1.065621152073145","1.065621152073145","1.065621152073145","0.8644408190250397","0.8644408190250397","0.8644408190250397","0.6738011523336173","0.6738011523336173","0.6738011523336173","0.5042252030968666","0.5042252030968666","0.5042252030968666","0.3480889837816358","0.3480889837816358","0.3480889837816358","0.20406730907037854","0.20406730907037854","0.20406730907037854","0.09653324371669442","0.09653324371669442","0.09653324371669442"
"39","1.7245383724570273","1.7245383724570273","1.7245383724570273","1.3296625773608683","1.3296625773608683","1.3296625773608683","1.0659836895763874","1.0659836895763874","1.0659836895763874","0.8562222273647785","0.8562222273647785","0.8562222273647785","0.6671065234392881","0.6671065234392881","0.6671065234392881","0.496294060498476","0.496294060498476","0.496294060498476","0.3448393728584051","0.3448393728584051","0.3448393728584051","0.1955730749759823","0.1955730749759823","0.1955730749759823","0.09231736970599741","0.09231736970599741","0.09231736970599741"
"40","1.7288839593529701","1.7288839593529701","1.7288839593529701","1.3179545041918754","1.3179545041918754","1.3179545041918754","1.057795396000147","1.057795396000147","1.057795396000147","0.8488727129995823","0.8488727129995823","0.8488727129995823","0.6648646480590105","0.6648646480590105","0.6648646480590105","0.49104182310402394","0.49104182310402394","0.49104182310402394","0.3373929189145565","0.3373929189145565","0.3373929189145565","0.19450028644874692","0.19450028644874692","0.19450028644874692","0.09200629237107932","0.09200629237107932","0.09200629237107932"
"41","1.718843759894371","1.718843759894371","1.718843759894371","1.3207466799020766","1.3207466799020766","1.3207466799020766","1.0554137651622295","1.0554137651622295","1.0554137651622295","0.853003241866827","0.853003241866827","0.853003241866827","0.6619203422218561","0.6619203422218561","0.6619203422218561","0.4838948905467987","0.4838948905467987","0.4838948905467987","0.3305215688422322","0.3305215688422322","0.3305215688422322","0.18957256745547058","0.18957256745547058","0.18957256745547058","0.08803654355928302","0.08803654355928302","0.08803654355928302"
"42","1.7171151301264762","1.7171151301264762","1.7171151301264762","1.318314662873745","1.318314662873745","1.318314662873745","1.0475999122858048","1.0475999122858048","1.0475999122858048","0.852720843553543","0.852720843553543","0.852720843553543","0.6569275277107954","0.6569275277107954","0.6569275277107954","0.4822522258013487","0.4822522258013487","0.4822522258013487","0.3268184950202703","0.3268184950202703","0.3268184950202703","0.18281665513291956","0.18281665513291956","0.18281665513291956","0.08593350623734296","0.08593350623734296","0.08593350623734296"
"43","1.7124230259656905","1.7124230259656905","1.7124230259656905","1.312683126628399","1.312683126628399","1.312683126628399","1.0460151608288288","1.0460151608288288","1.0460151608288288","0.8487875045835972","0.8487875045835972","0.8487875045835972","0.6531169652193785","0.6531169652193785","0.6531169652193785","0.4712043440341949","0.4712043440341949","0.4712043440341949","0.3345071966201067","0.3345071966201067","0.3345071966201067","0.1827721525542438","0.1827721525542438","0.1827721525542438","0.09004155771806836","0.09004155771806836","0.09004155771806836"
"44","1.7196745136380196","1.7196745136380196","1.7196745136380196","1.3105277103185653","1.3105277103185653","1.3105277103185653","1.0532515729963778","1.0532515729963778","1.0532515729963778","0.8385879951715469","0.8385879951715469","0.8385879951715469","0.6459120009094477","0.6459120009094477","0.6459120009094477","0.4806579361110926","0.4806579361110926","0.4806579361110926","0.3165771475806832","0.3165771475806832","0.3165771475806832","0.18168380905874074","0.18168380905874074","0.18168380905874074","0.08071904920972883","0.08071904920972883","0.08071904920972883"
"45","1.7041438060998917","1.7041438060998917","1.7041438060998917","1.3062089294195176","1.3062089294195176","1.3062089294195176","1.0469899539649488","1.0469899539649488","1.0469899539649488","0.8388921931385994","0.8388921931385994","0.8388921931385994","0.6397405664622784","0.6397405664622784","0.6397405664622784","0.4646682019904256","0.4646682019904256","0.4646682019904256","0.3158339389041066","0.3158339389041066","0.3158339389041066","0.17592406562529506","0.17592406562529506","0.17592406562529506","0.08310886182356626","0.08310886182356626","0.08310886182356626"
"46","1.7049872562289239","1.7049872562289239","1.7049872562289239","1.3016165336966514","1.3016165336966514","1.3016165336966514","1.034858536273241","1.034858536273241","1.034858536273241","0.8341511557996273","0.8341511557996273","0.8341511557996273","0.6407847929745912","0.6407847929745912","0.6407847929745912","0.4678221080452204","0.4678221080452204","0.4678221080452204","0.3052984679304063","0.3052984679304063","0.3052984679304063","0.17854155462235213","0.17854155462235213","0.17854155462235213","0.07506763607496396","0.07506763607496396","0.07506763607496396"
"47","1.6959086433053017","1.6959086433053017","1.6959086433053017","1.2996454201638699","1.2996454201638699","1.2996454201638699","1.031938468515873","1.031938468515873","1.031938468515873","0.8308315308392048","0.8308315308392048","0.8308315308392048","0.63219830930233","0.63219830930233","0.63219830930233","0.4594688490405679","0.4594688490405679","0.4594688490405679","0.3047656764090061","0.3047656764090061","0.3047656764090061","0.16422994850203396","0.16422994850203396","0.16422994850203396","0.08025397835066542","0.08025397835066542","0.08025397835066542"
"48","1.6996667149662972","1.6996667149662972","1.6996667149662972","1.2938039083778858","1.2938039083778858","1.2938039083778858","1.0306352913379668","1.0306352913379668","1.0306352913379668","0.8223690104484558","0.8223690104484558","0.8223690104484558","0.6270742482692003","0.6270742482692003","0.6270742482692003","0.4519605506956577","0.4519605506956577","0.4519605506956577","0.29854907689616084","0.29854907689616084","0.29854907689616084","0.1646012805774808","0.1646012805774808","0.1646012805774808","0.0779912030347623","0.0779912030347623","0.0779912030347623"
"49","1.6952148792147637","1.6952148792147637","1.6952148792147637","1.2925392021238804","1.2925392021238804","1.2925392021238804","1.0289705041050912","1.0289705041050912","1.0289705041050912","0.8185373900830746","0.8185373900830746","0.8185373900830746","0.6285098379105329","0.6285098379105329","0.6285098379105329","0.4550106278061867","0.4550106278061867","0.4550106278061867","0.29888827092945575","0.29888827092945575","0.29888827092945575","0.17248289281502366","0.17248289281502366","0.17248289281502366","0.0709345475700684","0.0709345475700684","0.0709345475700684"
"50","1.6919090285897256","1.6919090285897256","1.6919090285897256","1.2900394621491431","1.2900394621491431","1.2900394621491431","1.0252635256946088","1.0252635256946088","1.0252635256946088","0.814578115940094","0.814578115940094","0.814578115940094","0.61968651548028","0.61968651548028","0.61968651548028","0.4510670359060168","0.4510670359060168","0.4510670359060168","0.303236528262496","0.303236528262496","0.303236528262496","0.1587431155797094","0.1587431155797094","0.1587431155797094","0.06766053923638538","0.06766053923638538","0.06766053923638538"
"51","1.6936331322789193","1.6936331322789193","1.6936331322789193","1.284615542292595","1.284615542292595","1.284615542292595","1.0258170054852962","1.0258170054852962","1.0258170054852962","0.8096761527657509","0.8096761527657509","0.8096761527657509","0.6207306437939405","0.6207306437939405","0.6207306437939405","0.4484432199969888","0.4484432199969888","0.4484432199969888","0.28856391184031965","0.28856391184031965","0.28856391184031965","0.16272177022881806","0.16272177022881806","0.16272177022881806","0.06643170693423599","0.06643170693423599","0.06643170693423599"
"52","1.6880043786764145","1.6880043786764145","1.6880043786764145","1.2807128006219863","1.2807128006219863","1.2807128006219863","1.0173361471295357","1.0173361471295357","1.0173361471295357","0.815693239569664","0.815693239569664","0.815693239569664","0.6178055572509765","0.6178055572509765","0.6178055572509765","0.43540024779736997","0.43540024779736997","0.43540024779736997","0.2905911937355995","0.2905911937355995","0.2905911937355995","0.15358321137726308","0.15358321137726308","0.15358321137726308","0.07538594665937126","0.07538594665937126","0.07538594665937126"
"53","1.684698680639267","1.684698680639267","1.684698680639267","1.281107366681099","1.281107366681099","1.281107366681099","1.0178722411394119","1.0178722411394119","1.0178722411394119","0.8053293785452843","0.8053293785452843","0.8053293785452843","0.6139803300052882","0.6139803300052882","0.6139803300052882","0.43944592989981174","0.43944592989981174","0.43944592989981174","0.28970076072961093","0.28970076072961093","0.28970076072961093","0.15574292994104325","0.15574292994104325","0.15574292994104325","0.06911090134875848","0.06911090134875848","0.06911090134875848"
"54","1.6833029502630235","1.6833029502630235","1.6833029502630235","1.2680550575256349","1.2680550575256349","1.2680550575256349","1.0095768252015114","1.0095768252015114","1.0095768252015114","0.8125220361351967","0.8125220361351967","0.8125220361351967","0.609691409021616","0.609691409021616","0.609691409021616","0.43280164536088706","0.43280164536088706","0.43280164536088706","0.2843233596533537","0.2843233596533537","0.2843233596533537","0.15271935286931693","0.15271935286931693","0.15271935286931693","0.07185786213260144","0.07185786213260144","0.07185786213260144"
"55","1.6816935190558433","1.6816935190558433","1.6816935190558433","1.2807649609446525","1.2807649609446525","1.2807649609446525","1.0190458081662654","1.0190458081662654","1.0190458081662654","0.7977921916544437","0.7977921916544437","0.7977921916544437","0.6048630031198263","0.6048630031198263","0.6048630031198263","0.43255526561290025","0.43255526561290025","0.43255526561290025","0.2829753374122083","0.2829753374122083","0.2829753374122083","0.1479795751068741","0.1479795751068741","0.1479795751068741","0.06610696699935943","0.06610696699935943","0.06610696699935943"
"56","1.6723431983590127","1.6723431983590127","1.6723431983590127","1.2682190044224262","1.2682190044224262","1.2682190044224262","1.0126569102704526","1.0126569102704526","1.0126569102704526","0.8039312990009785","0.8039312990009785","0.8039312990009785","0.6067354737222195","0.6067354737222195","0.6067354737222195","0.42731488212943075","0.42731488212943075","0.42731488212943075","0.27184402538463476","0.27184402538463476","0.27184402538463476","0.14990566975437106","0.14990566975437106","0.14990566975437106","0.06100729865022004","0.06100729865022004","0.06100729865022004"
"57","1.6754293093085288","1.6754293093085288","1.6754293093085288","1.2733921639621257","1.2733921639621257","1.2733921639621257","1.0073041309416295","1.0073041309416295","1.0073041309416295","0.7990307769179344","0.7990307769179344","0.7990307769179344","0.5970495621860027","0.5970495621860027","0.5970495621860027","0.42908061522990465","0.42908061522990465","0.42908061522990465","0.2717632346786559","0.2717632346786559","0.2717632346786559","0.14533061282709242","0.14533061282709242","0.14533061282709242","0.06228390002157539","0.06228390002157539","0.06228390002157539"
"58","1.6739942395687104","1.6739942395687104","1.6739942395687104","1.2690750394761563","1.2690750394761563","1.2690750394761563","1.0026259489357472","1.0026259489357472","1.0026259489357472","0.8048589161038399","0.8048589161038399","0.8048589161038399","0.59567586325109","0.59567586325109","0.59567586325109","0.42491750918328763","0.42491750918328763","0.42491750918328763","0.27156081546097993","0.27156081546097993","0.27156081546097993","0.14168046578764915","0.14168046578764915","0.14168046578764915","0.06503721254062839","0.06503721254062839","0.06503721254062839"
"59","1.672395144701004","1.672395144701004","1.672395144701004","1.2600275763869286","1.2600275763869286","1.2600275763869286","1.0047687232494353","1.0047687232494353","1.0047687232494353","0.7939035751670599","0.7939035751670599","0.7939035751670599","0.5924470906704664","0.5924470906704664","0.5924470906704664","0.4203428981825709","0.4203428981825709","0.4203428981825709","0.2716522480174899","0.2716522480174899","0.2716522480174899","0.14370504278689622","0.14370504278689622","0.14370504278689622","0.06571911926148459","0.06571911926148459","0.06571911926148459"
"60","1.6714534646272659","1.6714534646272659","1.6714534646272659","1.270450288504362","1.270450288504362","1.270450288504362","0.997624648809433","0.997624648809433","0.997624648809433","0.7904372502863407","0.7904372502863407","0.7904372502863407","0.591825742572546","0.591825742572546","0.591825742572546","0.4226295109465718","0.4226295109465718","0.4226295109465718","0.27681259147822856","0.27681259147822856","0.27681259147822856","0.13486006069928408","0.13486006069928408","0.13486006069928408","0.06060663044219836","0.06060663044219836","0.06060663044219836"
"61","1.669152903854847","1.669152903854847","1.669152903854847","1.2624605169892311","1.2624605169892311","1.2624605169892311","1.0037953072786332","1.0037953072786332","1.0037953072786332","0.792356913536787","0.792356913536787","0.792356913536787","0.5905628756433725","0.5905628756433725","0.5905628756433725","0.4131420186161995","0.4131420186161995","0.4131420186161995","0.2636748083680868","0.2636748083680868","0.2636748083680868","0.13363847356289627","0.13363847356289627","0.13363847356289627","0.06298011298640631","0.06298011298640631","0.06298011298640631"
"62","1.6702187100052834","1.6702187100052834","1.6702187100052834","1.2609115938842297","1.2609115938842297","1.2609115938842297","0.9917666855454444","0.9917666855454444","0.9917666855454444","0.7873184834420681","0.7873184834420681","0.7873184834420681","0.5855899580568075","0.5855899580568075","0.5855899580568075","0.40887451369315386","0.40887451369315386","0.40887451369315386","0.2604303070902824","0.2604303070902824","0.2604303070902824","0.14039390603080393","0.14039390603080393","0.14039390603080393","0.06455695967073552","0.06455695967073552","0.06455695967073552"
"63","1.6664584174752235","1.6664584174752235","1.6664584174752235","1.2591518197953702","1.2591518197953702","1.2591518197953702","0.9932388284802437","0.9932388284802437","0.9932388284802437","0.7895586099475622","0.7895586099475622","0.7895586099475622","0.5884435817599296","0.5884435817599296","0.5884435817599296","0.4078817468881607","0.4078817468881607","0.4078817468881607","0.2560922053642571","0.2560922053642571","0.2560922053642571","0.13852179169189185","0.13852179169189185","0.13852179169189185","0.05761322712758556","0.05761322712758556","0.05761322712758556"
"64","1.6559765738248826","1.6559765738248826","1.6559765738248826","1.254428458660841","1.254428458660841","1.254428458660841","0.9860104098916054","0.9860104098916054","0.9860104098916054","0.7832204049825668","0.7832204049825668","0.7832204049825668","0.5840529064834118","0.5840529064834118","0.5840529064834118","0.40764281410723924","0.40764281410723924","0.40764281410723924","0.2537311072833836","0.2537311072833836","0.2537311072833836","0.13194774666801096","0.13194774666801096","0.13194774666801096","0.0575039220682811","0.0575039220682811","0.0575039220682811"
"65","1.6544508612155915","1.6544508612155915","1.6544508612155915","1.257326211631298","1.257326211631298","1.257326211631298","0.9867587150633335","0.9867587150633335","0.9867587150633335","0.7778113812208176","0.7778113812208176","0.7778113812208176","0.5782189720124006","0.5782189720124006","0.5782189720124006","0.40044447101652625","0.40044447101652625","0.40044447101652625","0.257086610365659","0.257086610365659","0.257086610365659","0.13430904264096172","0.13430904264096172","0.13430904264096172","0.059807094953139316","0.059807094953139316","0.059807094953139316"
"66","1.6505934008955956","1.6505934008955956","1.6505934008955956","1.2498610703647137","1.2498610703647137","1.2498610703647137","0.9886528640985489","0.9886528640985489","0.9886528640985489","0.7760849104821682","0.7760849104821682","0.7760849104821682","0.5809204422682523","0.5809204422682523","0.5809204422682523","0.4029743652045727","0.4029743652045727","0.4029743652045727","0.2553393491730094","0.2553393491730094","0.2553393491730094","0.1301183578837663","0.1301183578837663","0.1301183578837663","0.059645003918558356","0.059645003918558356","0.059645003918558356"
"67","1.648804002404213","1.648804002404213","1.648804002404213","1.2488868325948714","1.2488868325948714","1.2488868325948714","0.9991924780607223","0.9991924780607223","0.9991924780607223","0.7752043312042951","0.7752043312042951","0.7752043312042951","0.5778007724881172","0.5778007724881172","0.5778007724881172","0.39820525635033843","0.39820525635033843","0.39820525635033843","0.24891542617231607","0.24891542617231607","0.24891542617231607","0.1310290945135057","0.1310290945135057","0.1310290945135057","0.05195008104899898","0.05195008104899898","0.05195008104899898"
"68","1.650139864385128","1.650139864385128","1.650139864385128","1.2462590844929218","1.2462590844929218","1.2462590844929218","0.9800475144386291","0.9800475144386291","0.9800475144386291","0.7705613596737385","0.7705613596737385","0.7705613596737385","0.5737341893464327","0.5737341893464327","0.5737341893464327","0.40240982931107283","0.40240982931107283","0.40240982931107283","0.2487530274875462","0.2487530274875462","0.2487530274875462","0.1297838642820716","0.1297838642820716","0.1297838642820716","0.053627181133488196","0.053627181133488196","0.053627181133488196"
"69","1.645117084980011","1.645117084980011","1.645117084980011","1.2469590318202972","1.2469590318202972","1.2469590318202972","0.9896618610620499","0.9896618610620499","0.9896618610620499","0.7765225878357888","0.7765225878357888","0.7765225878357888","0.5624048189073801","0.5624048189073801","0.5624048189073801","0.3943155984580517","0.3943155984580517","0.3943155984580517","0.24168018832802773","0.24168018832802773","0.24168018832802773","0.12756502888165414","0.12756502888165414","0.12756502888165414","0.05590619522146881","0.05590619522146881","0.05590619522146881"
"70","1.6506539696455003","1.6506539696455003","1.6506539696455003","1.2429410174489022","1.2429410174489022","1.2429410174489022","0.9821697556972504","0.9821697556972504","0.9821697556972504","0.7706301230937243","0.7706301230937243","0.7706301230937243","0.567137875109911","0.567137875109911","0.567137875109911","0.38480466227978466","0.38480466227978466","0.38480466227978466","0.2440318427234888","0.2440318427234888","0.2440318427234888","0.12870436963625254","0.12870436963625254","0.12870436963625254","0.05323930173995905","0.05323930173995905","0.05323930173995905"
"71","1.64617621332407","1.64617621332407","1.64617621332407","1.2441141870617867","1.2441141870617867","1.2441141870617867","0.9815764185786248","0.9815764185786248","0.9815764185786248","0.7628656953573227","0.7628656953573227","0.7628656953573227","0.5694147583842277","0.5694147583842277","0.5694147583842277","0.3833864836394787","0.3833864836394787","0.3833864836394787","0.24613622734323143","0.24613622734323143","0.24613622734323143","0.128638332397677","0.128638332397677","0.128638332397677","0.05029354867176153","0.05029354867176153","0.05029354867176153"
"72","1.655546567738056","1.655546567738056","1.655546567738056","1.2402955171465875","1.2402955171465875","1.2402955171465875","0.9798882324993611","0.9798882324993611","0.9798882324993611","0.7597712960839271","0.7597712960839271","0.7597712960839271","0.5702139493077993","0.5702139493077993","0.5702139493077993","0.3854126119613647","0.3854126119613647","0.3854126119613647","0.23988569945096969","0.23988569945096969","0.23988569945096969","0.11939050980843603","0.11939050980843603","0.11939050980843603","0.05093969607492909","0.05093969607492909","0.05093969607492909"
"73","1.6477859807014466","1.6477859807014466","1.6477859807014466","1.240504174977541","1.240504174977541","1.240504174977541","0.9763476169109344","0.9763476169109344","0.9763476169109344","0.7635716883838177","0.7635716883838177","0.7635716883838177","0.5662879192829132","0.5662879192829132","0.5662879192829132","0.3857456717267633","0.3857456717267633","0.3857456717267633","0.23904587516561152","0.23904587516561152","0.23904587516561152","0.11995739789679646","0.11995739789679646","0.11995739789679646","0.05776808365015313","0.05776808365015313","0.05776808365015313"
"74","1.6475947773456574","1.6475947773456574","1.6475947773456574","1.2349287305772305","1.2349287305772305","1.2349287305772305","0.9778710047900677","0.9778710047900677","0.9778710047900677","0.7699471206963062","0.7699471206963062","0.7699471206963062","0.5601340260729194","0.5601340260729194","0.5601340260729194","0.3842762491479516","0.3842762491479516","0.3842762491479516","0.22885566420853137","0.22885566420853137","0.22885566420853137","0.11943867867346852","0.11943867867346852","0.11943867867346852","0.05082294874591753","0.05082294874591753","0.05082294874591753"
"75","1.639341572225094","1.639341572225094","1.639341572225094","1.2373402096331119","1.2373402096331119","1.2373402096331119","0.9727341799438","0.9727341799438","0.9727341799438","0.761538302525878","0.761538302525878","0.761538302525878","0.5591990980505943","0.5591990980505943","0.5591990980505943","0.3827149075269699","0.3827149075269699","0.3827149075269699","0.23906267484650015","0.23906267484650015","0.23906267484650015","0.1227163159660995","0.1227163159660995","0.1227163159660995","0.04754506345721893","0.04754506345721893","0.04754506345721893"
"76","1.6389686957001686","1.6389686957001686","1.6389686957001686","1.2284211829304694","1.2284211829304694","1.2284211829304694","0.9679721142351627","0.9679721142351627","0.9679721142351627","0.7619531831145286","0.7619531831145286","0.7619531831145286","0.55675742469728","0.55675742469728","0.55675742469728","0.38285243071615693","0.38285243071615693","0.38285243071615693","0.23744981285184621","0.23744981285184621","0.23744981285184621","0.12194602526724338","0.12194602526724338","0.12194602526724338","0.050311938127269966","0.050311938127269966","0.050311938127269966"
"77","1.6346996480226517","1.6346996480226517","1.6346996480226517","1.2310601596534252","1.2310601596534252","1.2310601596534252","0.9724589698016644","0.9724589698016644","0.9724589698016644","0.7595103590935469","0.7595103590935469","0.7595103590935469","0.5468209387362003","0.5468209387362003","0.5468209387362003","0.3748756652325392","0.3748756652325392","0.3748756652325392","0.2319805596023798","0.2319805596023798","0.2319805596023798","0.1186475982144475","0.1186475982144475","0.1186475982144475","0.04790019560488872","0.04790019560488872","0.04790019560488872"
"78","1.6374609515070915","1.6374609515070915","1.6374609515070915","1.229257352054119","1.229257352054119","1.229257352054119","0.9651415739953518","0.9651415739953518","0.9651415739953518","0.753084457963705","0.753084457963705","0.753084457963705","0.5497033304721117","0.5497033304721117","0.5497033304721117","0.3811015175282955","0.3811015175282955","0.3811015175282955","0.2302239784412086","0.2302239784412086","0.2302239784412086","0.11766637156251818","0.11766637156251818","0.11766637156251818","0.04870012613362633","0.04870012613362633","0.04870012613362633"
"79","1.6317551976442337","1.6317551976442337","1.6317551976442337","1.2322732159495353","1.2322732159495353","1.2322732159495353","0.9681932160258293","0.9681932160258293","0.9681932160258293","0.7501424646377564","0.7501424646377564","0.7501424646377564","0.5472046841681003","0.5472046841681003","0.5472046841681003","0.37321346092969176","0.37321346092969176","0.37321346092969176","0.23094976196065545","0.23094976196065545","0.23094976196065545","0.11741146817803383","0.11741146817803383","0.11741146817803383","0.05247635666106362","0.05247635666106362","0.05247635666106362"
"80","1.6261863014101983","1.6261863014101983","1.6261863014101983","1.2316439853608607","1.2316439853608607","1.2316439853608607","0.9677426780760289","0.9677426780760289","0.9677426780760289","0.7447817812860013","0.7447817812860013","0.7447817812860013","0.5486353889107705","0.5486353889107705","0.5486353889107705","0.3670480507612228","0.3670480507612228","0.3670480507612228","0.22683693470433355","0.22683693470433355","0.22683693470433355","0.11511685382109135","0.11511685382109135","0.11511685382109135","0.05041762125212699","0.05041762125212699","0.05041762125212699"
"81","1.6275186768174172","1.6275186768174172","1.6275186768174172","1.2213007716834545","1.2213007716834545","1.2213007716834545","0.9671200224757195","0.9671200224757195","0.9671200224757195","0.744694140329957","0.744694140329957","0.744694140329957","0.5423135057091713","0.5423135057091713","0.5423135057091713","0.377988156080246","0.377988156080246","0.377988156080246","0.2276108229905367","0.2276108229905367","0.2276108229905367","0.1094663619948551","0.1094663619948551","0.1094663619948551","0.04519568857271224","0.04519568857271224","0.04519568857271224"
"82","1.6296570020914078","1.6296570020914078","1.6296570020914078","1.2201267316937447","1.2201267316937447","1.2201267316937447","0.9681340563297272","0.9681340563297272","0.9681340563297272","0.7488084561377764","0.7488084561377764","0.7488084561377764","0.547144643291831","0.547144643291831","0.547144643291831","0.37033284936100247","0.37033284936100247","0.37033284936100247","0.22360114365816117","0.22360114365816117","0.22360114365816117","0.10665364781860262","0.10665364781860262","0.10665364781860262","0.04414474562276155","0.04414474562276155","0.04414474562276155"
"83","1.626982180774212","1.626982180774212","1.626982180774212","1.2251834705471993","1.2251834705471993","1.2251834705471993","0.9628498537838459","0.9628498537838459","0.9628498537838459","0.7506738890707493","0.7506738890707493","0.7506738890707493","0.5449418303370476","0.5449418303370476","0.5449418303370476","0.36097527012228964","0.36097527012228964","0.36097527012228964","0.22706794576719402","0.22706794576719402","0.22706794576719402","0.11163299232721328","0.11163299232721328","0.11163299232721328","0.04872640240879264","0.04872640240879264","0.04872640240879264"
"84","1.6240757235884666","1.6240757235884666","1.6240757235884666","1.2117159175872803","1.2117159175872803","1.2117159175872803","0.9595215290784835","0.9595215290784835","0.9595215290784835","0.7446585780382157","0.7446585780382157","0.7446585780382157","0.5440682160109281","0.5440682160109281","0.5440682160109281","0.37271534111350774","0.37271534111350774","0.37271534111350774","0.22538455463945867","0.22538455463945867","0.22538455463945867","0.10991223286604508","0.10991223286604508","0.10991223286604508","0.04809501456504222","0.04809501456504222","0.04809501456504222"
"85","1.6224503755569457","1.6224503755569457","1.6224503755569457","1.219024462401867","1.219024462401867","1.219024462401867","0.9634628376364708","0.9634628376364708","0.9634628376364708","0.7367496027052403","0.7367496027052403","0.7367496027052403","0.5414523473381996","0.5414523473381996","0.5414523473381996","0.3627634041756391","0.3627634041756391","0.3627634041756391","0.22341954560950397","0.22341954560950397","0.22341954560950397","0.11107020237483084","0.11107020237483084","0.11107020237483084","0.050193022363237104","0.050193022363237104","0.050193022363237104"
"86","1.6254582676291465","1.6254582676291465","1.6254582676291465","1.2077134889364243","1.2077134889364243","1.2077134889364243","0.9549693641066551","0.9549693641066551","0.9549693641066551","0.7441783803701401","0.7441783803701401","0.7441783803701401","0.5352853123843669","0.5352853123843669","0.5352853123843669","0.36417583253234626","0.36417583253234626","0.36417583253234626","0.2172969362512231","0.2172969362512231","0.2172969362512231","0.11231845860369503","0.11231845860369503","0.11231845860369503","0.04687871282105334","0.04687871282105334","0.04687871282105334"
"87","1.6183054745197296","1.6183054745197296","1.6183054745197296","1.2178226904571057","1.2178226904571057","1.2178226904571057","0.959955200701952","0.959955200701952","0.959955200701952","0.7360494688898325","0.7360494688898325","0.7360494688898325","0.5430244461447","0.5430244461447","0.5430244461447","0.35606211006641386","0.35606211006641386","0.35606211006641386","0.22362048460170628","0.22362048460170628","0.22362048460170628","0.10771483884193003","0.10771483884193003","0.10771483884193003","0.04127345041721128","0.04127345041721128","0.04127345041721128"
"88","1.615822748541832","1.615822748541832","1.615822748541832","1.2130190573632718","1.2130190573632718","1.2130190573632718","0.9470790515840054","0.9470790515840054","0.9470790515840054","0.7406302271038294","0.7406302271038294","0.7406302271038294","0.5316978684812784","0.5316978684812784","0.5316978684812784","0.3567418414354324","0.3567418414354324","0.3567418414354324","0.21696983762085437","0.21696983762085437","0.21696983762085437","0.11177246805280447","0.11177246805280447","0.11177246805280447","0.04216363294661278","0.04216363294661278","0.04216363294661278"
"89","1.6199841451644899","1.6199841451644899","1.6199841451644899","1.210131308734417","1.210131308734417","1.210131308734417","0.9618642710149288","0.9618642710149288","0.9618642710149288","0.743141191676259","0.743141191676259","0.743141191676259","0.525393291413784","0.525393291413784","0.525393291413784","0.35622270315885546","0.35622270315885546","0.35622270315885546","0.21629610758274795","0.21629610758274795","0.21629610758274795","0.11227001868654042","0.11227001868654042","0.11227001868654042","0.043515269389608875","0.043515269389608875","0.043515269389608875"
"90","1.6188054722547531","1.6188054722547531","1.6188054722547531","1.206341396421194","1.206341396421194","1.206341396421194","0.9564052484929562","0.9564052484929562","0.9564052484929562","0.7343017243593931","0.7343017243593931","0.7343017243593931","0.5351944830268621","0.5351944830268621","0.5351944830268621","0.3511333841085434","0.3511333841085434","0.3511333841085434","0.21344355357810854","0.21344355357810854","0.21344355357810854","0.10405841565225274","0.10405841565225274","0.10405841565225274","0.043780862287967466","0.043780862287967466","0.043780862287967466"
"91","1.6211939361691474","1.6211939361691474","1.6211939361691474","1.2042350694537163","1.2042350694537163","1.2042350694537163","0.950651565939188","0.950651565939188","0.950651565939188","0.7353739821910859","0.7353739821910859","0.7353739821910859","0.5326135755330325","0.5326135755330325","0.5326135755330325","0.35668316956609486","0.35668316956609486","0.35668316956609486","0.2169737025909126","0.2169737025909126","0.2169737025909126","0.10679151765536517","0.10679151765536517","0.10679151765536517","0.04406756109092384","0.04406756109092384","0.04406756109092384"
"92","1.6102394258975983","1.6102394258975983","1.6102394258975983","1.2049324898421765","1.2049324898421765","1.2049324898421765","0.9461885121464729","0.9461885121464729","0.9461885121464729","0.7299243834614754","0.7299243834614754","0.7299243834614754","0.534912189990282","0.534912189990282","0.534912189990282","0.35161985162645576","0.35161985162645576","0.35161985162645576","0.20861202927306294","0.20861202927306294","0.20861202927306294","0.1029347679996863","0.1029347679996863","0.1029347679996863","0.042015769839053974","0.042015769839053974","0.042015769839053974"
"93","1.60741520434618","1.60741520434618","1.60741520434618","1.2118603025376797","1.2118603025376797","1.2118603025376797","0.9521236081421375","0.9521236081421375","0.9521236081421375","0.729777392745018","0.729777392745018","0.729777392745018","0.5237030929327011","0.5237030929327011","0.5237030929327011","0.34743010230362414","0.34743010230362414","0.34743010230362414","0.20819556148722768","0.20819556148722768","0.20819556148722768","0.10005219430197031","0.10005219430197031","0.10005219430197031","0.04769067790941335","0.04769067790941335","0.04769067790941335"
"94","1.6098043096065522","1.6098043096065522","1.6098043096065522","1.2145392791926861","1.2145392791926861","1.2145392791926861","0.9471072383224964","0.9471072383224964","0.9471072383224964","0.7340949243307113","0.7340949243307113","0.7340949243307113","0.5313757475465536","0.5313757475465536","0.5313757475465536","0.34696937568485736","0.34696937568485736","0.34696937568485736","0.21455581258051099","0.21455581258051099","0.21455581258051099","0.10161781904287637","0.10161781904287637","0.10161781904287637","0.0411972400394734","0.0411972400394734","0.0411972400394734"
"95","1.6081458953022958","1.6081458953022958","1.6081458953022958","1.210864581167698","1.210864581167698","1.210864581167698","0.9494830147922039","0.9494830147922039","0.9494830147922039","0.726412463709712","0.726412463709712","0.726412463709712","0.5308948583900929","0.5308948583900929","0.5308948583900929","0.3521648962795734","0.3521648962795734","0.3521648962795734","0.20998915510252117","0.20998915510252117","0.20998915510252117","0.10613238553516567","0.10613238553516567","0.10613238553516567","0.04448096902866382","0.04448096902866382","0.04448096902866382"
"96","1.6121784460544586","1.6121784460544586","1.6121784460544586","1.2066243912279606","1.2066243912279606","1.2066243912279606","0.9400063246488571","0.9400063246488571","0.9400063246488571","0.7237377837300301","0.7237377837300301","0.7237377837300301","0.520255701765418","0.520255701765418","0.520255701765418","0.34471269145607947","0.34471269145607947","0.34471269145607947","0.20623897131532432","0.20623897131532432","0.20623897131532432","0.10062607411760836","0.10062607411760836","0.10062607411760836","0.04513095950882416","0.04513095950882416","0.04513095950882416"
"97","1.6126410788297654","1.6126410788297654","1.6126410788297654","1.2035357843339443","1.2035357843339443","1.2035357843339443","0.9425767582654953","0.9425767582654953","0.9425767582654953","0.7247646675258875","0.7247646675258875","0.7247646675258875","0.5313157141953707","0.5313157141953707","0.5313157141953707","0.34553458224982025","0.34553458224982025","0.34553458224982025","0.20650856437161566","0.20650856437161566","0.20650856437161566","0.09923421101644635","0.09923421101644635","0.09923421101644635","0.048189014214440246","0.048189014214440246","0.048189014214440246"
"98","1.6055551940202712","1.6055551940202712","1.6055551940202712","1.1962771497666835","1.1962771497666835","1.1962771497666835","0.9414173904061317","0.9414173904061317","0.9414173904061317","0.726960749104619","0.726960749104619","0.726960749104619","0.5223396443575621","0.5223396443575621","0.5223396443575621","0.35222526345402","0.35222526345402","0.35222526345402","0.20933659248054026","0.20933659248054026","0.20933659248054026","0.10258049221010879","0.10258049221010879","0.10258049221010879","0.041094020443269985","0.041094020443269985","0.041094020443269985"
"99","1.5987521183490754","1.5987521183490754","1.5987521183490754","1.1971062211692334","1.1971062211692334","1.1971062211692334","0.9380140909552575","0.9380140909552575","0.9380140909552575","0.7356302966922521","0.7356302966922521","0.7356302966922521","0.5220827466249466","0.5220827466249466","0.5220827466249466","0.3466452787071466","0.3466452787071466","0.3466452787071466","0.2024638395756483","0.2024638395756483","0.2024638395756483","0.09669377216603607","0.09669377216603607","0.09669377216603607","0.039113030886510386","0.039113030886510386","0.039113030886510386"
"100","1.6101841905713081","1.6101841905713081","1.6101841905713081","1.1973226523399354","1.1973226523399354","1.1973226523399354","0.9391853512823581","0.9391853512823581","0.9391853512823581","0.7173048210144043","0.7173048210144043","0.7173048210144043","0.5176212136819959","0.5176212136819959","0.5176212136819959","0.33631598960608244","0.33631598960608244","0.33631598960608244","0.19918733138591052","0.19918733138591052","0.19918733138591052","0.09719809951260686","0.09719809951260686","0.09719809951260686","0.03964414536487311","0.03964414536487311","0.03964414536487311"