"Step","cnn_dr_0.9 - val acc","cnn_dr_0.9 - val acc__MIN","cnn_dr_0.9 - val acc__MAX","cnn_dr_0.8 - val acc","cnn_dr_0.8 - val acc__MIN","cnn_dr_0.8 - val acc__MAX","cnn_dr_0.7 - val acc","cnn_dr_0.7 - val acc__MIN","cnn_dr_0.7 - val acc__MAX","cnn_dr_0.6 - val acc","cnn_dr_0.6 - val acc__MIN","cnn_dr_0.6 - val acc__MAX","cnn_dr_0.5 - val acc","cnn_dr_0.5 - val acc__MIN","cnn_dr_0.5 - val acc__MAX","cnn_dr_0.4 - val acc","cnn_dr_0.4 - val acc__MIN","cnn_dr_0.4 - val acc__MAX","cnn_dr_0.3 - val acc","cnn_dr_0.3 - val acc__MIN","cnn_dr_0.3 - val acc__MAX","cnn_dr_0.2 - val acc","cnn_dr_0.2 - val acc__MIN","cnn_dr_0.2 - val acc__MAX","cnn_dr_0.1 - val acc","cnn_dr_0.1 - val acc__MIN","cnn_dr_0.1 - val acc__MAX"
"1","0.2855999940633774","0.2855999940633774","0.2855999940633774","0.40069998979568483","0.40069998979568483","0.40069998979568483","0.4389999887347221","0.4389999887347221","0.4389999887347221","0.4936999872326851","0.4936999872326851","0.4936999872326851","0.45799998998641966","0.45799998998641966","0.45799998998641966","0.4975999888777733","0.4975999888777733","0.4975999888777733","0.5314999887347222","0.5314999887347222","0.5314999887347222","0.571599986255169","0.571599986255169","0.571599986255169","0.572499989271164","0.572499989271164","0.572499989271164"
"2","0.3225999927520752","0.3225999927520752","0.3225999927520752","0.4338999879360199","0.4338999879360199","0.4338999879360199","0.5030999863147736","0.5030999863147736","0.5030999863147736","0.5458999848365784","0.5458999848365784","0.5458999848365784","0.5725999864935875","0.5725999864935875","0.5725999864935875","0.6126999863982201","0.6126999863982201","0.6126999863982201","0.6173999881744385","0.6173999881744385","0.6173999881744385","0.6465999835729599","0.6465999835729599","0.6465999835729599","0.6601999846100807","0.6601999846100807","0.6601999846100807"
"3","0.2956999917328358","0.2956999917328358","0.2956999917328358","0.4541999873518944","0.4541999873518944","0.4541999873518944","0.5187999844551087","0.5187999844551087","0.5187999844551087","0.5856999868154525","0.5856999868154525","0.5856999868154525","0.6052999836206436","0.6052999836206436","0.6052999836206436","0.6404999876022339","0.6404999876022339","0.6404999876022339","0.6574999821186066","0.6574999821186066","0.6574999821186066","0.6845999825000763","0.6845999825000763","0.6845999825000763","0.6973999854922295","0.6973999854922295","0.6973999854922295"
"4","0.2958999918401241","0.2958999918401241","0.2958999918401241","0.47649998635053636","0.47649998635053636","0.47649998635053636","0.5323999884724617","0.5323999884724617","0.5323999884724617","0.6013999873399735","0.6013999873399735","0.6013999873399735","0.6396999880671501","0.6396999880671501","0.6396999880671501","0.669399985074997","0.669399985074997","0.669399985074997","0.6842999857664108","0.6842999857664108","0.6842999857664108","0.68609998524189","0.68609998524189","0.68609998524189","0.7068999844789505","0.7068999844789505","0.7068999844789505"
"5","0.28979999214410784","0.28979999214410784","0.28979999214410784","0.4907999891042709","0.4907999891042709","0.4907999891042709","0.5706999880075455","0.5706999880075455","0.5706999880075455","0.6257999879121781","0.6257999879121781","0.6257999879121781","0.6557999879121781","0.6557999879121781","0.6557999879121781","0.686799983382225","0.686799983382225","0.686799983382225","0.7029999828338623","0.7029999828338623","0.7029999828338623","0.7096999841928482","0.7096999841928482","0.7096999841928482","0.7347999864816666","0.7347999864816666","0.7347999864816666"
"6","0.304599991440773","0.304599991440773","0.304599991440773","0.4992999851703644","0.4992999851703644","0.4992999851703644","0.5882999867200851","0.5882999867200851","0.5882999867200851","0.6361999863386154","0.6361999863386154","0.6361999863386154","0.6751999825239181","0.6751999825239181","0.6751999825239181","0.6978999829292297","0.6978999829292297","0.6978999829292297","0.7185999846458435","0.7185999846458435","0.7185999846458435","0.7180999827384948","0.7180999827384948","0.7180999827384948","0.7279999840259552","0.7279999840259552","0.7279999840259552"
"7","0.30929999381303785","0.30929999381303785","0.30929999381303785","0.5059999883174896","0.5059999883174896","0.5059999883174896","0.6035999864339828","0.6035999864339828","0.6035999864339828","0.6478999868035317","0.6478999868035317","0.6478999868035317","0.6866999852657318","0.6866999852657318","0.6866999852657318","0.7074999815225601","0.7074999815225601","0.7074999815225601","0.7180999863147736","0.7180999863147736","0.7180999863147736","0.7364999836683274","0.7364999836683274","0.7364999836683274","0.7478999787569046","0.7478999787569046","0.7478999787569046"
"8","0.32419999182224274","0.32419999182224274","0.32419999182224274","0.5284999883174897","0.5284999883174897","0.5284999883174897","0.6034999877214432","0.6034999877214432","0.6034999877214432","0.6683999854326248","0.6683999854326248","0.6683999854326248","0.6924999880790711","0.6924999880790711","0.6924999880790711","0.7175999814271927","0.7175999814271927","0.7175999814271927","0.7270999830961228","0.7270999830961228","0.7270999830961228","0.7417999857664108","0.7417999857664108","0.7417999857664108","0.7530999839305877","0.7530999839305877","0.7530999839305877"
"9","0.3379999932646751","0.3379999932646751","0.3379999932646751","0.5326999881863594","0.5326999881863594","0.5326999881863594","0.6216999858617782","0.6216999858617782","0.6216999858617782","0.6750999820232392","0.6750999820232392","0.6750999820232392","0.7060999846458436","0.7060999846458436","0.7060999846458436","0.7257999837398529","0.7257999837398529","0.7257999837398529","0.7200999820232391","0.7200999820232391","0.7200999820232391","0.7442999839782715","0.7442999839782715","0.7442999839782715","0.7561999851465225","0.7561999851465225","0.7561999851465225"
"10","0.34259999096393584","0.34259999096393584","0.34259999096393584","0.5431999865174294","0.5431999865174294","0.5431999865174294","0.6251999875903129","0.6251999875903129","0.6251999875903129","0.6810999840497971","0.6810999840497971","0.6810999840497971","0.7050999850034714","0.7050999850034714","0.7050999850034714","0.7171999824047088","0.7171999824047088","0.7171999824047088","0.7416999793052673","0.7416999793052673","0.7416999793052673","0.7467999833822251","0.7467999833822251","0.7467999833822251","0.7525999814271926","0.7525999814271926","0.7525999814271926"
"11","0.3617999908328056","0.3617999908328056","0.3617999908328056","0.5462999904155731","0.5462999904155731","0.5462999904155731","0.6410999840497971","0.6410999840497971","0.6410999840497971","0.6793999826908111","0.6793999826908111","0.6793999826908111","0.7092999815940857","0.7092999815940857","0.7092999815940857","0.7345999830961227","0.7345999830961227","0.7345999830961227","0.7403999823331833","0.7403999823331833","0.7403999823331833","0.7456999808549881","0.7456999808549881","0.7456999808549881","0.7611999815702438","0.7611999815702438","0.7611999815702438"
"12","0.3524999915063381","0.3524999915063381","0.3524999915063381","0.5507999885082245","0.5507999885082245","0.5507999885082245","0.6391999885439873","0.6391999885439873","0.6391999885439873","0.6831999844312668","0.6831999844312668","0.6831999844312668","0.7179999846220017","0.7179999846220017","0.7179999846220017","0.7408999800682068","0.7408999800682068","0.7408999800682068","0.7369999831914902","0.7369999831914902","0.7369999831914902","0.7549999803304672","0.7549999803304672","0.7549999803304672","0.7624999821186066","0.7624999821186066","0.7624999821186066"
"13","0.359699991941452","0.359699991941452","0.359699991941452","0.5563999879360199","0.5563999879360199","0.5563999879360199","0.6398999851942062","0.6398999851942062","0.6398999851942062","0.6869999867677689","0.6869999867677689","0.6869999867677689","0.7209999823570251","0.7209999823570251","0.7209999823570251","0.7406999856233597","0.7406999856233597","0.7406999856233597","0.7516999799013138","0.7516999799013138","0.7516999799013138","0.7560999816656113","0.7560999816656113","0.7560999816656113","0.7557999819517136","0.7557999819517136","0.7557999819517136"
"14","0.3844999922811985","0.3844999922811985","0.3844999922811985","0.562799990773201","0.562799990773201","0.562799990773201","0.6484999841451645","0.6484999841451645","0.6484999841451645","0.6918999820947647","0.6918999820947647","0.6918999820947647","0.7154999804496766","0.7154999804496766","0.7154999804496766","0.735399985909462","0.735399985909462","0.735399985909462","0.7452999830245972","0.7452999830245972","0.7452999830245972","0.7568999850749969","0.7568999850749969","0.7568999850749969","0.7492999815940857","0.7492999815940857","0.7492999815940857"
"15","0.3671999910473824","0.3671999910473824","0.3671999910473824","0.5690999886393547","0.5690999886393547","0.5690999886393547","0.6532999855279923","0.6532999855279923","0.6532999855279923","0.6968999856710434","0.6968999856710434","0.6968999856710434","0.7221999830007553","0.7221999830007553","0.7221999830007553","0.734899982213974","0.734899982213974","0.734899982213974","0.7501999831199646","0.7501999831199646","0.7501999831199646","0.7500999802350998","0.7500999802350998","0.7500999802350998","0.7570999777317047","0.7570999777317047","0.7570999777317047"
"16","0.391399989426136","0.391399989426136","0.391399989426136","0.5769999873638153","0.5769999873638153","0.5769999873638153","0.6491999852657319","0.6491999852657319","0.6491999852657319","0.7046999835968017","0.7046999835968017","0.7046999835968017","0.7300999826192855","0.7300999826192855","0.7300999826192855","0.7407999819517136","0.7407999819517136","0.7407999819517136","0.7491999852657318","0.7491999852657318","0.7491999852657318","0.7581999796628952","0.7581999796628952","0.7581999796628952","0.7503999799489975","0.7503999799489975","0.7503999799489975"
"17","0.39569998934864997","0.39569998934864997","0.39569998934864997","0.5748999869823456","0.5748999869823456","0.5748999869823456","0.661599982380867","0.661599982380867","0.661599982380867","0.7025999826192856","0.7025999826192856","0.7025999826192856","0.7246999841928482","0.7246999841928482","0.7246999841928482","0.7493999814987182","0.7493999814987182","0.7493999814987182","0.7563999789953232","0.7563999789953232","0.7563999789953232","0.7513999807834625","0.7513999807834625","0.7513999807834625","0.7533999824523926","0.7533999824523926","0.7533999824523926"
"18","0.41029998883605","0.41029998883605","0.41029998883605","0.5766999879479409","0.5766999879479409","0.5766999879479409","0.6593999806046486","0.6593999806046486","0.6593999806046486","0.7049999839067459","0.7049999839067459","0.7049999839067459","0.7291999822854995","0.7291999822854995","0.7291999822854995","0.7541999781131744","0.7541999781131744","0.7541999781131744","0.755099983215332","0.755099983215332","0.755099983215332","0.7529999792575837","0.7529999792575837","0.7529999792575837","0.7513999789953232","0.7513999789953232","0.7513999789953232"
"19","0.40919998988509176","0.40919998988509176","0.40919998988509176","0.5872999873757362","0.5872999873757362","0.5872999873757362","0.6646999868750573","0.6646999868750573","0.6646999868750573","0.7043999826908112","0.7043999826908112","0.7043999826908112","0.7404999816417694","0.7404999816417694","0.7404999816417694","0.7540999770164489","0.7540999770164489","0.7540999770164489","0.7540999799966812","0.7540999799966812","0.7540999799966812","0.7585999816656113","0.7585999816656113","0.7585999816656113","0.7577999782562256","0.7577999782562256","0.7577999782562256"
"20","0.4006999894976616","0.4006999894976616","0.4006999894976616","0.5988999852538108","0.5988999852538108","0.5988999852538108","0.6624999833106995","0.6624999833106995","0.6624999833106995","0.7098999816179276","0.7098999816179276","0.7098999816179276","0.7346999818086624","0.7346999818086624","0.7346999818086624","0.745099983215332","0.745099983215332","0.745099983215332","0.750099983215332","0.750099983215332","0.750099983215332","0.754899982213974","0.754899982213974","0.754899982213974","0.7479999828338623","0.7479999828338623","0.7479999828338623"
"21","0.4212999886274338","0.4212999886274338","0.4212999886274338","0.6005999869108201","0.6005999869108201","0.6005999869108201","0.673499984741211","0.673499984741211","0.673499984741211","0.7123999834060669","0.7123999834060669","0.7123999834060669","0.7377999806404114","0.7377999806404114","0.7377999806404114","0.7491999799013138","0.7491999799013138","0.7491999799013138","0.7549999821186065","0.7549999821186065","0.7549999821186065","0.7532999801635742","0.7532999801635742","0.7532999801635742","0.742799980044365","0.742799980044365","0.742799980044365"
"22","0.41679998993873596","0.41679998993873596","0.41679998993873596","0.5952999854087829","0.5952999854087829","0.5952999854087829","0.6703999841213226","0.6703999841213226","0.6703999841213226","0.7139999836683273","0.7139999836683273","0.7139999836683273","0.7413999837636948","0.7413999837636948","0.7413999837636948","0.7454999780654907","0.7454999780654907","0.7454999780654907","0.7578999817371368","0.7578999817371368","0.7578999817371368","0.755399980545044","0.755399980545044","0.755399980545044","0.7564999777078628","0.7564999777078628","0.7564999777078628"
"23","0.4111999905109405","0.4111999905109405","0.4111999905109405","0.6012999856472016","0.6012999856472016","0.6012999856472016","0.6734999841451645","0.6734999841451645","0.6734999841451645","0.706099984049797","0.706099984049797","0.706099984049797","0.7385999804735184","0.7385999804735184","0.7385999804735184","0.7489999800920486","0.7489999800920486","0.7489999800920486","0.7544999825954437","0.7544999825954437","0.7544999825954437","0.7514999806880951","0.7514999806880951","0.7514999806880951","0.75049997985363","0.75049997985363","0.75049997985363"
"24","0.41719998970627786","0.41719998970627786","0.41719998970627786","0.598399988412857","0.598399988412857","0.598399988412857","0.6756999832391739","0.6756999832391739","0.6756999832391739","0.714399983882904","0.714399983882904","0.714399983882904","0.7391999804973602","0.7391999804973602","0.7391999804973602","0.7504999786615372","0.7504999786615372","0.7504999786615372","0.7528999805450439","0.7528999805450439","0.7528999805450439","0.7495999819040299","0.7495999819040299","0.7495999819040299","0.7567999798059464","0.7567999798059464","0.7567999798059464"
"25","0.42709998816251754","0.42709998816251754","0.42709998816251754","0.6096999853849411","0.6096999853849411","0.6096999853849411","0.6756999838352203","0.6756999838352203","0.6756999838352203","0.709299983382225","0.709299983382225","0.709299983382225","0.7423999804258347","0.7423999804258347","0.7423999804258347","0.7519999784231186","0.7519999784231186","0.7519999784231186","0.7555999797582627","0.7555999797582627","0.7555999797582627","0.7457999819517136","0.7457999819517136","0.7457999819517136","0.7467999839782715","0.7467999839782715","0.7467999839782715"
"26","0.42019998759031296","0.42019998759031296","0.42019998759031296","0.6136999854445457","0.6136999854445457","0.6136999854445457","0.6760999846458435","0.6760999846458435","0.6760999846458435","0.7114999854564666","0.7114999854564666","0.7114999854564666","0.7467999833822251","0.7467999833822251","0.7467999833822251","0.7508999830484391","0.7508999830484391","0.7508999830484391","0.7543999820947647","0.7543999820947647","0.7543999820947647","0.7519999819993973","0.7519999819993973","0.7519999819993973","0.7485999804735184","0.7485999804735184","0.7485999804735184"
"27","0.4273999896645546","0.4273999896645546","0.4273999896645546","0.6089999857544899","0.6089999857544899","0.6089999857544899","0.6794999837875366","0.6794999837875366","0.6794999837875366","0.7205999839305878","0.7205999839305878","0.7205999839305878","0.7432999831438064","0.7432999831438064","0.7432999831438064","0.7486999815702439","0.7486999815702439","0.7486999815702439","0.7588999819755554","0.7588999819755554","0.7588999819755554","0.7525999802350998","0.7525999802350998","0.7525999802350998","0.7492999845743179","0.7492999845743179","0.7492999845743179"
"28","0.4283999890089035","0.4283999890089035","0.4283999890089035","0.6127999851107597","0.6127999851107597","0.6127999851107597","0.683699985742569","0.683699985742569","0.683699985742569","0.7194999814033508","0.7194999814033508","0.7194999814033508","0.7452999818325042","0.7452999818325042","0.7452999818325042","0.7483999806642533","0.7483999806642533","0.7483999806642533","0.7569999796152115","0.7569999796152115","0.7569999796152115","0.7502999824285507","0.7502999824285507","0.7502999824285507","0.7495999789237976","0.7495999789237976","0.7495999789237976"
"29","0.43669998824596407","0.43669998824596407","0.43669998824596407","0.6179999849200248","0.6179999849200248","0.6179999849200248","0.6825999838113784","0.6825999838113784","0.6825999838113784","0.7214999836683273","0.7214999836683273","0.7214999836683273","0.74079998254776","0.74079998254776","0.74079998254776","0.7535999792814255","0.7535999792814255","0.7535999792814255","0.7549999821186065","0.7549999821186065","0.7549999821186065","0.7525999826192856","0.7525999826192856","0.7525999826192856","0.7484999817609786","0.7484999817609786","0.7484999817609786"
"30","0.4478999879956245","0.4478999879956245","0.4478999879956245","0.6199999871850014","0.6199999871850014","0.6199999871850014","0.6846999895572662","0.6846999895572662","0.6846999895572662","0.7201999801397324","0.7201999801397324","0.7201999801397324","0.7454999804496765","0.7454999804496765","0.7454999804496765","0.7405999803543091","0.7405999803543091","0.7405999803543091","0.7538999795913697","0.7538999795913697","0.7538999795913697","0.747599983215332","0.747599983215332","0.747599983215332","0.7502999824285507","0.7502999824285507","0.7502999824285507"
"31","0.4480999878048897","0.4480999878048897","0.4480999878048897","0.6147999876737594","0.6147999876737594","0.6147999876737594","0.6824999839067459","0.6824999839067459","0.6824999839067459","0.7220999836921692","0.7220999836921692","0.7220999836921692","0.747499982714653","0.747499982714653","0.747499982714653","0.755099983215332","0.755099983215332","0.755099983215332","0.7543999814987182","0.7543999814987182","0.7543999814987182","0.7471999824047089","0.7471999824047089","0.7471999824047089","0.7519999849796295","0.7519999849796295","0.7519999849796295"
"32","0.4414999881386757","0.4414999881386757","0.4414999881386757","0.6196999844908714","0.6196999844908714","0.6196999844908714","0.6950999850034714","0.6950999850034714","0.6950999850034714","0.7251999819278717","0.7251999819278717","0.7251999819278717","0.7415999817848206","0.7415999817848206","0.7415999817848206","0.7508999836444855","0.7508999836444855","0.7508999836444855","0.7569999796152115","0.7569999796152115","0.7569999796152115","0.7481999832391739","0.7481999832391739","0.7481999832391739","0.7469999819993973","0.7469999819993973","0.7469999819993973"
"33","0.44649998694658277","0.44649998694658277","0.44649998694658277","0.623899984061718","0.623899984061718","0.623899984061718","0.6957999861240387","0.6957999861240387","0.6957999861240387","0.7242999827861786","0.7242999827861786","0.7242999827861786","0.7518999814987183","0.7518999814987183","0.7518999814987183","0.7508999788761139","0.7508999788761139","0.7508999788761139","0.7559999793767929","0.7559999793767929","0.7559999793767929","0.7498999810218812","0.7498999810218812","0.7498999810218812","0.7541999816894531","0.7541999816894531","0.7541999816894531"
"34","0.4534999892115593","0.4534999892115593","0.4534999892115593","0.6303999835252762","0.6303999835252762","0.6303999835252762","0.6898999840021134","0.6898999840021134","0.6898999840021134","0.7204999834299087","0.7204999834299087","0.7204999834299087","0.7439999800920486","0.7439999800920486","0.7439999800920486","0.753699979186058","0.753699979186058","0.753699979186058","0.7552999800443649","0.7552999800443649","0.7552999800443649","0.7472999823093415","0.7472999823093415","0.7472999823093415","0.744499980211258","0.744499980211258","0.744499980211258"
"35","0.4538999870419502","0.4538999870419502","0.4538999870419502","0.6282999897003174","0.6282999897003174","0.6282999897003174","0.6921999847888947","0.6921999847888947","0.6921999847888947","0.7230999827384949","0.7230999827384949","0.7230999827384949","0.7428999841213226","0.7428999841213226","0.7428999841213226","0.7513999795913696","0.7513999795913696","0.7513999795913696","0.75329998254776","0.75329998254776","0.75329998254776","0.744799981713295","0.744799981713295","0.744799981713295","0.747399982213974","0.747399982213974","0.747399982213974"
"36","0.45129998862743376","0.45129998862743376","0.45129998862743376","0.6222999873757362","0.6222999873757362","0.6222999873757362","0.6943999850749969","0.6943999850749969","0.6943999850749969","0.7222999840974808","0.7222999840974808","0.7222999840974808","0.7457999819517136","0.7457999819517136","0.7457999819517136","0.7493999814987182","0.7493999814987182","0.7493999814987182","0.7520999819040298","0.7520999819040298","0.7520999819040298","0.7416999810934066","0.7416999810934066","0.7416999810934066","0.7369999849796295","0.7369999849796295","0.7369999849796295"
"37","0.4510999876260757","0.4510999876260757","0.4510999876260757","0.6282999837398529","0.6282999837398529","0.6282999837398529","0.6946999859809876","0.6946999859809876","0.6946999859809876","0.7231999844312668","0.7231999844312668","0.7231999844312668","0.7437999802827835","0.7437999802827835","0.7437999802827835","0.7514999848604202","0.7514999848604202","0.7514999848604202","0.7548999828100205","0.7548999828100205","0.7548999828100205","0.7499999856948852","0.7499999856948852","0.7499999856948852","0.7439999842643737","0.7439999842643737","0.7439999842643737"
"38","0.45109998792409894","0.45109998792409894","0.45109998792409894","0.6315999862551689","0.6315999862551689","0.6315999862551689","0.7025999861955643","0.7025999861955643","0.7025999861955643","0.7277999836206436","0.7277999836206436","0.7277999836206436","0.7478999805450439","0.7478999805450439","0.7478999805450439","0.7476999855041504","0.7476999855041504","0.7476999855041504","0.7549999803304672","0.7549999803304672","0.7549999803304672","0.7451999825239182","0.7451999825239182","0.7451999825239182","0.7497999835014343","0.7497999835014343","0.7497999835014343"
"39","0.4498999878764153","0.4498999878764153","0.4498999878764153","0.6265999868512153","0.6265999868512153","0.6265999868512153","0.7033999818563461","0.7033999818563461","0.7033999818563461","0.7275999826192856","0.7275999826192856","0.7275999826192856","0.7498999804258346","0.7498999804258346","0.7498999804258346","0.7562999844551086","0.7562999844551086","0.7562999844551086","0.7536999815702439","0.7536999815702439","0.7536999815702439","0.7467999815940857","0.7467999815940857","0.7467999815940857","0.751999979019165","0.751999979019165","0.751999979019165"
"40","0.4408999866247177","0.4408999866247177","0.4408999866247177","0.6337999853491784","0.6337999853491784","0.6337999853491784","0.6935999882221222","0.6935999882221222","0.6935999882221222","0.7237999850511551","0.7237999850511551","0.7237999850511551","0.747099980711937","0.747099980711937","0.747099980711937","0.7523999834060668","0.7523999834060668","0.7523999834060668","0.7471999818086624","0.7471999818086624","0.7471999818086624","0.74859998524189","0.74859998524189","0.74859998524189","0.7500999802350998","0.7500999802350998","0.7500999802350998"
"41","0.4534999877214432","0.4534999877214432","0.4534999877214432","0.634299983382225","0.634299983382225","0.634299983382225","0.6939999848604202","0.6939999848604202","0.6939999848604202","0.7229999840259552","0.7229999840259552","0.7229999840259552","0.7518999820947647","0.7518999820947647","0.7518999820947647","0.752399982213974","0.752399982213974","0.752399982213974","0.7543999814987182","0.7543999814987182","0.7543999814987182","0.7431999826431275","0.7431999826431275","0.7431999826431275","0.7498999792337417","0.7498999792337417","0.7498999792337417"
"42","0.4680999878048897","0.4680999878048897","0.4680999878048897","0.63059998691082","0.63059998691082","0.63059998691082","0.6967999857664108","0.6967999857664108","0.6967999857664108","0.7240999805927276","0.7240999805927276","0.7240999805927276","0.7490999853610992","0.7490999853610992","0.7490999853610992","0.7522999817132949","0.7522999817132949","0.7522999817132949","0.752399976849556","0.752399976849556","0.752399976849556","0.7429999816417694","0.7429999816417694","0.7429999816417694","0.7488999825716018","0.7488999825716018","0.7488999825716018"
"43","0.4678999868035316","0.4678999868035316","0.4678999868035316","0.6311999845504761","0.6311999845504761","0.6311999845504761","0.7003999829292298","0.7003999829292298","0.7003999829292298","0.731599982380867","0.731599982380867","0.731599982380867","0.7443999850749969","0.7443999850749969","0.7443999850749969","0.7502999794483185","0.7502999794483185","0.7502999794483185","0.7515999847650527","0.7515999847650527","0.7515999847650527","0.7461999815702438","0.7461999815702438","0.7461999815702438","0.7408999848365784","0.7408999848365784","0.7408999848365784"
"44","0.46689998626708984","0.46689998626708984","0.46689998626708984","0.6334999877214432","0.6334999877214432","0.6334999877214432","0.697899980545044","0.697899980545044","0.697899980545044","0.7307999867200852","0.7307999867200852","0.7307999867200852","0.75049997985363","0.75049997985363","0.75049997985363","0.7499999809265137","0.7499999809265137","0.7499999809265137","0.7479999822378158","0.7479999822378158","0.7479999822378158","0.742299980521202","0.742299980521202","0.742299980521202","0.7446999818086624","0.7446999818086624","0.7446999818086624"
"45","0.46249998778104784","0.46249998778104784","0.46249998778104784","0.633199988603592","0.633199988603592","0.633199988603592","0.6985999858379364","0.6985999858379364","0.6985999858379364","0.7303999841213227","0.7303999841213227","0.7303999841213227","0.7466999840736389","0.7466999840736389","0.7466999840736389","0.7509999805688858","0.7509999805688858","0.7509999805688858","0.7526999819278717","0.7526999819278717","0.7526999819278717","0.7379999822378158","0.7379999822378158","0.7379999822378158","0.7467999821901321","0.7467999821901321","0.7467999821901321"
"46","0.4662999874353409","0.4662999874353409","0.4662999874353409","0.6385999849438667","0.6385999849438667","0.6385999849438667","0.6974999821186065","0.6974999821186065","0.6974999821186065","0.7217999821901322","0.7217999821901322","0.7217999821901322","0.7385999810695648","0.7385999810695648","0.7385999810695648","0.7463999831676483","0.7463999831676483","0.7463999831676483","0.7498999810218812","0.7498999810218812","0.7498999810218812","0.7455999809503555","0.7455999809503555","0.7455999809503555","0.7391999816894531","0.7391999816894531","0.7391999816894531"
"47","0.47569998770952227","0.47569998770952227","0.47569998770952227","0.6342999866604805","0.6342999866604805","0.6342999866604805","0.6991999822854996","0.6991999822854996","0.6991999822854996","0.7267999851703644","0.7267999851703644","0.7267999851703644","0.7490999835729599","0.7490999835729599","0.7490999835729599","0.7475999826192856","0.7475999826192856","0.7475999826192856","0.7496999824047088","0.7496999824047088","0.7496999824047088","0.745199983716011","0.745199983716011","0.745199983716011","0.7404999804496765","0.7404999804496765","0.7404999804496765"
"48","0.4610999873280525","0.4610999873280525","0.4610999873280525","0.6416999849677086","0.6416999849677086","0.6416999849677086","0.7013999837636947","0.7013999837636947","0.7013999837636947","0.7309999841451645","0.7309999841451645","0.7309999841451645","0.7434999823570252","0.7434999823570252","0.7434999823570252","0.7496999824047088","0.7496999824047088","0.7496999824047088","0.7489999788999557","0.7489999788999557","0.7489999788999557","0.7454999828338623","0.7454999828338623","0.7454999828338623","0.7455999809503555","0.7455999809503555","0.7455999809503555"
"49","0.4737999877333641","0.4737999877333641","0.4737999877333641","0.6422999867796898","0.6422999867796898","0.6422999867796898","0.7033999794721604","0.7033999794721604","0.7033999794721604","0.7335999792814255","0.7335999792814255","0.7335999792814255","0.7467999815940857","0.7467999815940857","0.7467999815940857","0.7490999817848205","0.7490999817848205","0.7490999817848205","0.7545999807119369","0.7545999807119369","0.7545999807119369","0.7438999795913697","0.7438999795913697","0.7438999795913697","0.7438999825716018","0.7438999825716018","0.7438999825716018"
"50","0.47929998695850373","0.47929998695850373","0.47929998695850373","0.6448999866843224","0.6448999866843224","0.6448999866843224","0.7048999834060669","0.7048999834060669","0.7048999834060669","0.730099984407425","0.730099984407425","0.730099984407425","0.7467999821901321","0.7467999821901321","0.7467999821901321","0.7544999808073044","0.7544999808073044","0.7544999808073044","0.7499999809265137","0.7499999809265137","0.7499999809265137","0.7399999821186065","0.7399999821186065","0.7399999821186065","0.7452999830245972","0.7452999830245972","0.7452999830245972"
"51","0.46379998862743377","0.46379998862743377","0.46379998862743377","0.6445999869704246","0.6445999869704246","0.6445999869704246","0.7053999841213227","0.7053999841213227","0.7053999841213227","0.7325999796390533","0.7325999796390533","0.7325999796390533","0.7531999802589416","0.7531999802589416","0.7531999802589416","0.7531999832391739","0.7531999832391739","0.7531999832391739","0.7518999826908112","0.7518999826908112","0.7518999826908112","0.7463999837636948","0.7463999837636948","0.7463999837636948","0.7475999820232392","0.7475999820232392","0.7475999820232392"
"52","0.4764999866485596","0.4764999866485596","0.4764999866485596","0.6572999840974808","0.6572999840974808","0.6572999840974808","0.7051999831199646","0.7051999831199646","0.7051999831199646","0.7255999833345413","0.7255999833345413","0.7255999833345413","0.7517999804019928","0.7517999804019928","0.7517999804019928","0.7542999839782715","0.7542999839782715","0.7542999839782715","0.7489999824762344","0.7489999824762344","0.7489999824762344","0.7452999812364578","0.7452999812364578","0.7452999812364578","0.7503999829292297","0.7503999829292297","0.7503999829292297"
"53","0.47759998857975006","0.47759998857975006","0.47759998857975006","0.6520999848842621","0.6520999848842621","0.6520999848842621","0.7060999858379364","0.7060999858379364","0.7060999858379364","0.7246999853849411","0.7246999853849411","0.7246999853849411","0.7475999808311462","0.7475999808311462","0.7475999808311462","0.7537999820709228","0.7537999820709228","0.7537999820709228","0.7485999810695648","0.7485999810695648","0.7485999810695648","0.7430999803543091","0.7430999803543091","0.7430999803543091","0.7423999816179275","0.7423999816179275","0.7423999816179275"
"54","0.463999989926815","0.463999989926815","0.463999989926815","0.6368999820947647","0.6368999820947647","0.6368999820947647","0.6997999840974808","0.6997999840974808","0.6997999840974808","0.7319999819993973","0.7319999819993973","0.7319999819993973","0.7479999798536301","0.7479999798536301","0.7479999798536301","0.7488999795913697","0.7488999795913697","0.7488999795913697","0.7486999815702439","0.7486999815702439","0.7486999815702439","0.7416999834775925","0.7416999834775925","0.7416999834775925","0.7493999803066254","0.7493999803066254","0.7493999803066254"
"55","0.4815999883413315","0.4815999883413315","0.4815999883413315","0.6491999861598015","0.6491999861598015","0.6491999861598015","0.7036999833583831","0.7036999833583831","0.7036999833583831","0.7366999799013138","0.7366999799013138","0.7366999799013138","0.7510999828577042","0.7510999828577042","0.7510999828577042","0.7466999852657318","0.7466999852657318","0.7466999852657318","0.7480999821424484","0.7480999821424484","0.7480999821424484","0.7419999837875366","0.7419999837875366","0.7419999837875366","0.7428999805450439","0.7428999805450439","0.7428999805450439"
"56","0.4901999878883362","0.4901999878883362","0.4901999878883362","0.6551999837160111","0.6551999837160111","0.6551999837160111","0.6963999849557877","0.6963999849557877","0.6963999849557877","0.7284999787807465","0.7284999787807465","0.7284999787807465","0.7417999827861785","0.7417999827861785","0.7417999827861785","0.7522999799251556","0.7522999799251556","0.7522999799251556","0.7513999807834625","0.7513999807834625","0.7513999807834625","0.7466999816894532","0.7466999816894532","0.7466999816894532","0.7451999813318253","0.7451999813318253","0.7451999813318253"
"57","0.47809998780488966","0.47809998780488966","0.47809998780488966","0.6563999864459038","0.6563999864459038","0.6563999864459038","0.7060999858379364","0.7060999858379364","0.7060999858379364","0.7289999830722809","0.7289999830722809","0.7289999830722809","0.7475999802350998","0.7475999802350998","0.7475999802350998","0.7489999854564666","0.7489999854564666","0.7489999854564666","0.7515999805927277","0.7515999805927277","0.7515999805927277","0.7440999841690064","0.7440999841690064","0.7440999841690064","0.7402999848127365","0.7402999848127365","0.7402999848127365"
"58","0.48789998561143877","0.48789998561143877","0.48789998561143877","0.6550999829173088","0.6550999829173088","0.6550999829173088","0.7051999831199646","0.7051999831199646","0.7051999831199646","0.7302999812364578","0.7302999812364578","0.7302999812364578","0.7491999793052674","0.7491999793052674","0.7491999793052674","0.746599982380867","0.746599982380867","0.746599982380867","0.7468999797105789","0.7468999797105789","0.7468999797105789","0.7378999811410903","0.7378999811410903","0.7378999811410903","0.7425999820232392","0.7425999820232392","0.7425999820232392"
"59","0.4890999874472618","0.4890999874472618","0.4890999874472618","0.6426999843120575","0.6426999843120575","0.6426999843120575","0.7037999826669693","0.7037999826669693","0.7037999826669693","0.7336999815702439","0.7336999815702439","0.7336999815702439","0.7481999802589416","0.7481999802589416","0.7481999802589416","0.7486999839544296","0.7486999839544296","0.7486999839544296","0.7469999831914902","0.7469999831914902","0.7469999831914902","0.74279998421669","0.74279998421669","0.74279998421669","0.7465999811887741","0.7465999811887741","0.7465999811887741"
"60","0.4904999867081642","0.4904999867081642","0.4904999867081642","0.6514999863505363","0.6514999863505363","0.6514999863505363","0.703799985051155","0.703799985051155","0.703799985051155","0.7314999818801879","0.7314999818801879","0.7314999818801879","0.7515999847650527","0.7515999847650527","0.7515999847650527","0.7458999830484391","0.7458999830484391","0.7458999830484391","0.7457999807596206","0.7457999807596206","0.7457999807596206","0.7472999823093415","0.7472999823093415","0.7472999823093415","0.7407999831438065","0.7407999831438065","0.7407999831438065"
"61","0.4876999858021736","0.4876999858021736","0.4876999858021736","0.6446999841928482","0.6446999841928482","0.6446999841928482","0.7099999850988388","0.7099999850988388","0.7099999850988388","0.7279999786615372","0.7279999786615372","0.7279999786615372","0.7487999814748764","0.7487999814748764","0.7487999814748764","0.753399983048439","0.753399983048439","0.753399983048439","0.7543999814987182","0.7543999814987182","0.7543999814987182","0.7419999837875366","0.7419999837875366","0.7419999837875366","0.7451999825239182","0.7451999825239182","0.7451999825239182"
"62","0.4805999857187271","0.4805999857187271","0.4805999857187271","0.6579999855160713","0.6579999855160713","0.6579999855160713","0.7109999829530715","0.7109999829530715","0.7109999829530715","0.7347999835014343","0.7347999835014343","0.7347999835014343","0.7467999792098999","0.7467999792098999","0.7467999792098999","0.7542999821901322","0.7542999821901322","0.7542999821901322","0.7489999777078629","0.7489999777078629","0.7489999777078629","0.7401999825239182","0.7401999825239182","0.7401999825239182","0.741399981379509","0.741399981379509","0.741399981379509"
"63","0.4871999880671501","0.4871999880671501","0.4871999880671501","0.6425999841094017","0.6425999841094017","0.6425999841094017","0.7073999845981598","0.7073999845981598","0.7073999845981598","0.7331999802589416","0.7331999802589416","0.7331999802589416","0.7561999833583832","0.7561999833583832","0.7561999833583832","0.752099986076355","0.752099986076355","0.752099986076355","0.7456999826431274","0.7456999826431274","0.7456999826431274","0.7437999814748764","0.7437999814748764","0.7437999814748764","0.7415999835729599","0.7415999835729599","0.7415999835729599"
"64","0.4834999895095825","0.4834999895095825","0.4834999895095825","0.6570999830961227","0.6570999830961227","0.6570999830961227","0.7084999847412109","0.7084999847412109","0.7084999847412109","0.7279999798536301","0.7279999798536301","0.7279999798536301","0.7487999844551086","0.7487999844551086","0.7487999844551086","0.7511999827623367","0.7511999827623367","0.7511999827623367","0.7535999816656113","0.7535999816656113","0.7535999816656113","0.739499980211258","0.739499980211258","0.739499980211258","0.7456999802589417","0.7456999802589417","0.7456999802589417"
"65","0.497899988591671","0.497899988591671","0.497899988591671","0.6583999878168106","0.6583999878168106","0.6583999878168106","0.7045999819040298","0.7045999819040298","0.7045999819040298","0.729999982714653","0.729999982714653","0.729999982714653","0.7491999852657318","0.7491999852657318","0.7491999852657318","0.7509999829530716","0.7509999829530716","0.7509999829530716","0.7436999797821044","0.7436999797821044","0.7436999797821044","0.7446999847888947","0.7446999847888947","0.7446999847888947","0.742199981212616","0.742199981212616","0.742199981212616"
"66","0.4946999862790108","0.4946999862790108","0.4946999862790108","0.6531999826431274","0.6531999826431274","0.6531999826431274","0.7110999846458435","0.7110999846458435","0.7110999846458435","0.7346999812126159","0.7346999812126159","0.7346999812126159","0.7486999827623367","0.7486999827623367","0.7486999827623367","0.7475999838113785","0.7475999838113785","0.7475999838113785","0.747199981212616","0.747199981212616","0.747199981212616","0.7404999846220016","0.7404999846220016","0.7404999846220016","0.7455999863147735","0.7455999863147735","0.7455999863147735"
"67","0.48959998697042467","0.48959998697042467","0.48959998697042467","0.6562999829649925","0.6562999829649925","0.6562999829649925","0.7056999838352204","0.7056999838352204","0.7056999838352204","0.7331999838352203","0.7331999838352203","0.7331999838352203","0.7482999849319458","0.7482999849319458","0.7482999849319458","0.7528999823331833","0.7528999823331833","0.7528999823331833","0.7508999800682068","0.7508999800682068","0.7508999800682068","0.7375999838113785","0.7375999838113785","0.7375999838113785","0.7440999817848205","0.7440999817848205","0.7440999817848205"
"68","0.4898999884724617","0.4898999884724617","0.4898999884724617","0.6590999838709831","0.6590999838709831","0.6590999838709831","0.7095999819040298","0.7095999819040298","0.7095999819040298","0.7346999806165695","0.7346999806165695","0.7346999806165695","0.748999981880188","0.748999981880188","0.748999981880188","0.7445999836921692","0.7445999836921692","0.7445999836921692","0.7458999848365784","0.7458999848365784","0.7458999848365784","0.7417999833822251","0.7417999833822251","0.7417999833822251","0.7418999826908111","0.7418999826908111","0.7418999826908111"
"69","0.49529998540878295","0.49529998540878295","0.49529998540878295","0.6609999829530716","0.6609999829530716","0.6609999829530716","0.7082999795675278","0.7082999795675278","0.7082999795675278","0.7349999803304672","0.7349999803304672","0.7349999803304672","0.7486999815702439","0.7486999815702439","0.7486999815702439","0.7511999839544297","0.7511999839544297","0.7511999839544297","0.7505999833345414","0.7505999833345414","0.7505999833345414","0.7409999823570251","0.7409999823570251","0.7409999823570251","0.7451999855041503","0.7451999855041503","0.7451999855041503"
"70","0.4944999858736992","0.4944999858736992","0.4944999858736992","0.6580999845266342","0.6580999845266342","0.6580999845266342","0.7144999831914902","0.7144999831914902","0.7144999831914902","0.7327999824285507","0.7327999824285507","0.7327999824285507","0.7531999826431275","0.7531999826431275","0.7531999826431275","0.743899981379509","0.743899981379509","0.743899981379509","0.7434999811649322","0.7434999811649322","0.7434999811649322","0.7424999833106994","0.7424999833106994","0.7424999833106994","0.7451999813318253","0.7451999813318253","0.7451999813318253"
"71","0.4914999884366989","0.4914999884366989","0.4914999884366989","0.655999986231327","0.655999986231327","0.655999986231327","0.7071999835968018","0.7071999835968018","0.7071999835968018","0.731399986743927","0.731399986743927","0.731399986743927","0.7484999769926071","0.7484999769926071","0.7484999769926071","0.7440999794006348","0.7440999794006348","0.7440999794006348","0.7481999814510345","0.7481999814510345","0.7481999814510345","0.7392999821901322","0.7392999821901322","0.7392999821901322","0.7430999833345413","0.7430999833345413","0.7430999833345413"
"72","0.5008999887108803","0.5008999887108803","0.5008999887108803","0.6640999841690064","0.6640999841690064","0.6640999841690064","0.7083999836444854","0.7083999836444854","0.7083999836444854","0.7296999835968018","0.7296999835968018","0.7296999835968018","0.7509999811649323","0.7509999811649323","0.7509999811649323","0.7447999835014343","0.7447999835014343","0.7447999835014343","0.7468999791145324","0.7468999791145324","0.7468999791145324","0.7419999825954438","0.7419999825954438","0.7419999825954438","0.7454999834299088","0.7454999834299088","0.7454999834299088"
"73","0.5106999862194062","0.5106999862194062","0.5106999862194062","0.6596999859809876","0.6596999859809876","0.6596999859809876","0.7135999804735184","0.7135999804735184","0.7135999804735184","0.7388999825716018","0.7388999825716018","0.7388999825716018","0.7528999811410904","0.7528999811410904","0.7528999811410904","0.7480999821424484","0.7480999821424484","0.7480999821424484","0.7514999812841415","0.7514999812841415","0.7514999812841415","0.7430999845266342","0.7430999845266342","0.7430999845266342","0.7389999842643737","0.7389999842643737","0.7389999842643737"
"74","0.5020999884605408","0.5020999884605408","0.5020999884605408","0.6654999852180481","0.6654999852180481","0.6654999852180481","0.7080999827384948","0.7080999827384948","0.7080999827384948","0.7320999866724014","0.7320999866724014","0.7320999866724014","0.7493999832868576","0.7493999832868576","0.7493999832868576","0.7444999819993973","0.7444999819993973","0.7444999819993973","0.7424999809265137","0.7424999809265137","0.7424999809265137","0.7398999845981598","0.7398999845981598","0.7398999845981598","0.7469999819993973","0.7469999819993973","0.7469999819993973"
"75","0.4975999867916107","0.4975999867916107","0.4975999867916107","0.6527999863028526","0.6527999863028526","0.6527999863028526","0.7150999850034714","0.7150999850034714","0.7150999850034714","0.7323999804258347","0.7323999804258347","0.7323999804258347","0.7514999848604202","0.7514999848604202","0.7514999848604202","0.7516999810934066","0.7516999810934066","0.7516999810934066","0.7458999824523925","0.7458999824523925","0.7458999824523925","0.7393999856710434","0.7393999856710434","0.7393999856710434","0.7436999779939651","0.7436999779939651","0.7436999779939651"
"76","0.5021999883651733","0.5021999883651733","0.5021999883651733","0.6677999842166901","0.6677999842166901","0.6677999842166901","0.7076999849081039","0.7076999849081039","0.7076999849081039","0.7384999799728393","0.7384999799728393","0.7384999799728393","0.7525999838113785","0.7525999838113785","0.7525999838113785","0.750099984407425","0.750099984407425","0.750099984407425","0.7500999802350998","0.7500999802350998","0.7500999802350998","0.737199981212616","0.737199981212616","0.737199981212616","0.7459999841451644","0.7459999841451644","0.7459999841451644"
"77","0.49679998457431795","0.49679998457431795","0.49679998457431795","0.664199985563755","0.664199985563755","0.664199985563755","0.7160999822616577","0.7160999822616577","0.7160999822616577","0.7344999814033508","0.7344999814033508","0.7344999814033508","0.745599981546402","0.745599981546402","0.745599981546402","0.74779998421669","0.74779998421669","0.74779998421669","0.7484999823570252","0.7484999823570252","0.7484999823570252","0.7374999821186066","0.7374999821186066","0.7374999821186066","0.741399981379509","0.741399981379509","0.741399981379509"
"78","0.505499986410141","0.505499986410141","0.505499986410141","0.6696999895572663","0.6696999895572663","0.6696999895572663","0.7142999827861786","0.7142999827861786","0.7142999827861786","0.7334999787807465","0.7334999787807465","0.7334999787807465","0.7490999823808671","0.7490999823808671","0.7490999823808671","0.7465999835729599","0.7465999835729599","0.7465999835729599","0.7497999840974807","0.7497999840974807","0.7497999840974807","0.7418999803066254","0.7418999803066254","0.7418999803066254","0.7401999813318253","0.7401999813318253","0.7401999813318253"
"79","0.5087999880313874","0.5087999880313874","0.5087999880313874","0.6707999867200851","0.6707999867200851","0.6707999867200851","0.7106999844312668","0.7106999844312668","0.7106999844312668","0.738599979877472","0.738599979877472","0.738599979877472","0.7491999858617783","0.7491999858617783","0.7491999858617783","0.7477999860048294","0.7477999860048294","0.7477999860048294","0.7477999800443649","0.7477999800443649","0.7477999800443649","0.7384999823570252","0.7384999823570252","0.7384999823570252","0.7463999795913696","0.7463999795913696","0.7463999795913696"
"80","0.50809998691082","0.50809998691082","0.50809998691082","0.6612999844551086","0.6612999844551086","0.6612999844551086","0.7117999827861786","0.7117999827861786","0.7117999827861786","0.7399999809265136","0.7399999809265136","0.7399999809265136","0.7502999824285507","0.7502999824285507","0.7502999824285507","0.7484999853372574","0.7484999853372574","0.7484999853372574","0.7438999837636948","0.7438999837636948","0.7438999837636948","0.7387999832630158","0.7387999832630158","0.7387999832630158","0.7420999825000762","0.7420999825000762","0.7420999825000762"
"81","0.5089999878406525","0.5089999878406525","0.5089999878406525","0.6578999823331833","0.6578999823331833","0.6578999823331833","0.7135999828577042","0.7135999828577042","0.7135999828577042","0.7338999849557877","0.7338999849557877","0.7338999849557877","0.7519999814033508","0.7519999814033508","0.7519999814033508","0.7487999832630158","0.7487999832630158","0.7487999832630158","0.7465999817848206","0.7465999817848206","0.7465999817848206","0.7453999823331833","0.7453999823331833","0.7453999823331833","0.7437999790906906","0.7437999790906906","0.7437999790906906"
"82","0.5130999901890755","0.5130999901890755","0.5130999901890755","0.6682999861240387","0.6682999861240387","0.6682999861240387","0.71379998087883","0.71379998087883","0.71379998087883","0.7345999836921692","0.7345999836921692","0.7345999836921692","0.7501999807357788","0.7501999807357788","0.7501999807357788","0.7491999804973603","0.7491999804973603","0.7491999804973603","0.744899982213974","0.744899982213974","0.744899982213974","0.7345999825000763","0.7345999825000763","0.7345999825000763","0.7415999829769134","0.7415999829769134","0.7415999829769134"
"83","0.5095999854803085","0.5095999854803085","0.5095999854803085","0.6614999830722809","0.6614999830722809","0.6614999830722809","0.7168999838829041","0.7168999838829041","0.7168999838829041","0.7369999814033509","0.7369999814033509","0.7369999814033509","0.7515999811887741","0.7515999811887741","0.7515999811887741","0.7467999815940857","0.7467999815940857","0.7467999815940857","0.7466999810934066","0.7466999810934066","0.7466999810934066","0.7424999803304673","0.7424999803304673","0.7424999803304673","0.742999981045723","0.742999981045723","0.742999981045723"
"84","0.5083999869227409","0.5083999869227409","0.5083999869227409","0.6619999870657921","0.6619999870657921","0.6619999870657921","0.7110999822616577","0.7110999822616577","0.7110999822616577","0.734899982213974","0.734899982213974","0.734899982213974","0.752499982714653","0.752499982714653","0.752499982714653","0.7488999831676483","0.7488999831676483","0.7488999831676483","0.7484999823570252","0.7484999823570252","0.7484999823570252","0.7399999856948852","0.7399999856948852","0.7399999856948852","0.7411999809741974","0.7411999809741974","0.7411999809741974"
"85","0.5106999850273133","0.5106999850273133","0.5106999850273133","0.6597999855875969","0.6597999855875969","0.6597999855875969","0.7135999798774719","0.7135999798774719","0.7135999798774719","0.7375999838113785","0.7375999838113785","0.7375999838113785","0.7498999804258346","0.7498999804258346","0.7498999804258346","0.7479999822378158","0.7479999822378158","0.7479999822378158","0.7435999834537506","0.7435999834537506","0.7435999834537506","0.7369999825954437","0.7369999825954437","0.7369999825954437","0.7401999795436859","0.7401999795436859","0.7401999795436859"
"86","0.5082999861240387","0.5082999861240387","0.5082999861240387","0.6649999865889549","0.6649999865889549","0.6649999865889549","0.7163999819755554","0.7163999819755554","0.7163999819755554","0.7356999862194061","0.7356999862194061","0.7356999862194061","0.7479999822378158","0.7479999822378158","0.7479999822378158","0.7478999841213226","0.7478999841213226","0.7478999841213226","0.7426999825239181","0.7426999825239181","0.7426999825239181","0.738899981379509","0.738899981379509","0.738899981379509","0.7432999801635742","0.7432999801635742","0.7432999801635742"
"87","0.5175999891757965","0.5175999891757965","0.5175999891757965","0.6657999843358994","0.6657999843358994","0.6657999843358994","0.7232999783754349","0.7232999783754349","0.7232999783754349","0.7328999829292298","0.7328999829292298","0.7328999829292298","0.7497999805212021","0.7497999805212021","0.7497999805212021","0.7451999801397323","0.7451999801397323","0.7451999801397323","0.7500999850034714","0.7500999850034714","0.7500999850034714","0.7412999838590622","0.7412999838590622","0.7412999838590622","0.7483999824523926","0.7483999824523926","0.7483999824523926"
"88","0.5121999874711036","0.5121999874711036","0.5121999874711036","0.6623999872803688","0.6623999872803688","0.6623999872803688","0.7160999804735184","0.7160999804735184","0.7160999804735184","0.7344999831914901","0.7344999831914901","0.7344999831914901","0.7552999782562256","0.7552999782562256","0.7552999782562256","0.7444999808073044","0.7444999808073044","0.7444999808073044","0.7439999812841416","0.7439999812841416","0.7439999812841416","0.7388999855518341","0.7388999855518341","0.7388999855518341","0.7433999860286713","0.7433999860286713","0.7433999860286713"
"89","0.5113999897241592","0.5113999897241592","0.5113999897241592","0.6679999846220016","0.6679999846220016","0.6679999846220016","0.718799979686737","0.718799979686737","0.718799979686737","0.7396999830007553","0.7396999830007553","0.7396999830007553","0.7515999841690063","0.7515999841690063","0.7515999841690063","0.7475999802350998","0.7475999802350998","0.7475999802350998","0.743299983739853","0.743299983739853","0.743299983739853","0.7408999812602997","0.7408999812602997","0.7408999812602997","0.7406999826431274","0.7406999826431274","0.7406999826431274"
"90","0.5104999881982804","0.5104999881982804","0.5104999881982804","0.6694999861717225","0.6694999861717225","0.6694999861717225","0.7172999823093414","0.7172999823093414","0.7172999823093414","0.7346999824047089","0.7346999824047089","0.7346999824047089","0.7566999822854996","0.7566999822854996","0.7566999822854996","0.7475999820232392","0.7475999820232392","0.7475999820232392","0.7468999797105789","0.7468999797105789","0.7468999797105789","0.7397999840974808","0.7397999840974808","0.7397999840974808","0.7402999818325042","0.7402999818325042","0.7402999818325042"
"91","0.5216999861598015","0.5216999861598015","0.5216999861598015","0.6723999857902527","0.6723999857902527","0.6723999857902527","0.7177999848127365","0.7177999848127365","0.7177999848127365","0.7419999796152115","0.7419999796152115","0.7419999796152115","0.750099984407425","0.750099984407425","0.750099984407425","0.7442999804019927","0.7442999804019927","0.7442999804019927","0.7426999813318252","0.7426999813318252","0.7426999813318252","0.7352999836206436","0.7352999836206436","0.7352999836206436","0.7462999802827835","0.7462999802827835","0.7462999802827835"
"92","0.5171999871730805","0.5171999871730805","0.5171999871730805","0.6727999874949455","0.6727999874949455","0.6727999874949455","0.7175999814271927","0.7175999814271927","0.7175999814271927","0.731699982881546","0.731699982881546","0.731699982881546","0.7499999815225601","0.7499999815225601","0.7499999815225601","0.7422999829053879","0.7422999829053879","0.7422999829053879","0.7468999809026718","0.7468999809026718","0.7468999809026718","0.7346999812126159","0.7346999812126159","0.7346999812126159","0.74579998254776","0.74579998254776","0.74579998254776"
"93","0.514099987745285","0.514099987745285","0.514099987745285","0.6715999841690063","0.6715999841690063","0.6715999841690063","0.7146999847888946","0.7146999847888946","0.7146999847888946","0.7393999844789505","0.7393999844789505","0.7393999844789505","0.7499999791383744","0.7499999791383744","0.7499999791383744","0.7427999830245972","0.7427999830245972","0.7427999830245972","0.7431999838352203","0.7431999838352203","0.7431999838352203","0.7385999834537507","0.7385999834537507","0.7385999834537507","0.7373999828100204","0.7373999828100204","0.7373999828100204"
"94","0.5226999866962433","0.5226999866962433","0.5226999866962433","0.6712999850511551","0.6712999850511551","0.6712999850511551","0.7138999861478805","0.7138999861478805","0.7138999861478805","0.737999981045723","0.737999981045723","0.737999981045723","0.7477999812364579","0.7477999812364579","0.7477999812364579","0.7476999831199646","0.7476999831199646","0.7476999831199646","0.7449999821186065","0.7449999821186065","0.7449999821186065","0.7372999829053879","0.7372999829053879","0.7372999829053879","0.7424999815225601","0.7424999815225601","0.7424999815225601"
"95","0.5131999877095222","0.5131999877095222","0.5131999877095222","0.6683999881148338","0.6683999881148338","0.6683999881148338","0.715699982047081","0.715699982047081","0.715699982047081","0.738699980378151","0.738699980378151","0.738699980378151","0.7522999799251556","0.7522999799251556","0.7522999799251556","0.7483999854326249","0.7483999854326249","0.7483999854326249","0.7424999815225601","0.7424999815225601","0.7424999815225601","0.7348999816179276","0.7348999816179276","0.7348999816179276","0.7391999834775924","0.7391999834775924","0.7391999834775924"
"96","0.5288999858498573","0.5288999858498573","0.5288999858498573","0.6711999842524529","0.6711999842524529","0.6711999842524529","0.7117999845743179","0.7117999845743179","0.7117999845743179","0.7357999837398529","0.7357999837398529","0.7357999837398529","0.7496999835968018","0.7496999835968018","0.7496999835968018","0.7487999820709228","0.7487999820709228","0.7487999820709228","0.7428999799489975","0.7428999799489975","0.7428999799489975","0.7388999837636948","0.7388999837636948","0.7388999837636948","0.7456999850273133","0.7456999850273133","0.7456999850273133"
"97","0.5250999867916107","0.5250999867916107","0.5250999867916107","0.6767999854683876","0.6767999854683876","0.6767999854683876","0.7206999850273133","0.7206999850273133","0.7206999850273133","0.7344999831914901","0.7344999831914901","0.7344999831914901","0.7487999832630158","0.7487999832630158","0.7487999832630158","0.7465999835729599","0.7465999835729599","0.7465999835729599","0.7467999821901321","0.7467999821901321","0.7467999821901321","0.7385999864339828","0.7385999864339828","0.7385999864339828","0.7387999832630158","0.7387999832630158","0.7387999832630158"
"98","0.5246999856829643","0.5246999856829643","0.5246999856829643","0.6726999861001969","0.6726999861001969","0.6726999861001969","0.7140999853610992","0.7140999853610992","0.7140999853610992","0.7350999820232391","0.7350999820232391","0.7350999820232391","0.7500999820232391","0.7500999820232391","0.7500999820232391","0.7447999829053878","0.7447999829053878","0.7447999829053878","0.7452999812364578","0.7452999812364578","0.7452999812364578","0.7382999813556671","0.7382999813556671","0.7382999813556671","0.7476999855041504","0.7476999855041504","0.7476999855041504"
"99","0.5234999859333038","0.5234999859333038","0.5234999859333038","0.6814999857544899","0.6814999857544899","0.6814999857544899","0.7135999810695648","0.7135999810695648","0.7135999810695648","0.730699982047081","0.730699982047081","0.730699982047081","0.7469999814033508","0.7469999814033508","0.7469999814033508","0.7478999835252762","0.7478999835252762","0.7478999835252762","0.7451999819278717","0.7451999819278717","0.7451999819278717","0.741099984049797","0.741099984049797","0.741099984049797","0.7419999831914902","0.7419999831914902","0.7419999831914902"
"100","0.523799986243248","0.523799986243248","0.523799986243248","0.6724999845027924","0.6724999845027924","0.6724999845027924","0.7145999848842621","0.7145999848842621","0.7145999848842621","0.7317999839782715","0.7317999839782715","0.7317999839782715","0.7491999822854996","0.7491999822854996","0.7491999822854996","0.7459999793767929","0.7459999793767929","0.7459999793767929","0.7444999819993973","0.7444999819993973","0.7444999819993973","0.738899981379509","0.738899981379509","0.738899981379509","0.7421999806165696","0.7421999806165696","0.7421999806165696"