"Step","cnn_dr_0.9 - train acc","cnn_dr_0.9 - train acc__MIN","cnn_dr_0.9 - train acc__MAX","cnn_dr_0.8 - train acc","cnn_dr_0.8 - train acc__MIN","cnn_dr_0.8 - train acc__MAX","cnn_dr_0.7 - train acc","cnn_dr_0.7 - train acc__MIN","cnn_dr_0.7 - train acc__MAX","cnn_dr_0.6 - train acc","cnn_dr_0.6 - train acc__MIN","cnn_dr_0.6 - train acc__MAX","cnn_dr_0.5 - train acc","cnn_dr_0.5 - train acc__MIN","cnn_dr_0.5 - train acc__MAX","cnn_dr_0.4 - train acc","cnn_dr_0.4 - train acc__MIN","cnn_dr_0.4 - train acc__MAX","cnn_dr_0.3 - train acc","cnn_dr_0.3 - train acc__MIN","cnn_dr_0.3 - train acc__MAX","cnn_dr_0.2 - train acc","cnn_dr_0.2 - train acc__MIN","cnn_dr_0.2 - train acc__MAX","cnn_dr_0.1 - train acc","cnn_dr_0.1 - train acc__MIN","cnn_dr_0.1 - train acc__MAX"
"1","0.15484999610111116","0.15484999610111116","0.15484999610111116","0.2181749939825386","0.2181749939825386","0.2181749939825386","0.2814749929308891","0.2814749929308891","0.2814749929308891","0.3300249919388443","0.3300249919388443","0.3300249919388443","0.36004999110475183","0.36004999110475183","0.36004999110475183","0.4016249894537032","0.4016249894537032","0.4016249894537032","0.42439998876303436","0.42439998876303436","0.42439998876303436","0.4546999892219901","0.4546999892219901","0.4546999892219901","0.47247498905286195","0.47247498905286195","0.47247498905286195"
"2","0.21999999376013876","0.21999999376013876","0.21999999376013876","0.31577499222010375","0.31577499222010375","0.31577499222010375","0.38157499141991136","0.38157499141991136","0.38157499141991136","0.4377999883890152","0.4377999883890152","0.4377999883890152","0.4674249872565269","0.4674249872565269","0.4674249872565269","0.525024987012148","0.525024987012148","0.525024987012148","0.5605499888211489","0.5605499888211489","0.5605499888211489","0.5854749877750873","0.5854749877750873","0.5854749877750873","0.61467498883605","0.61467498883605","0.61467498883605"
"3","0.24847499314695598","0.24847499314695598","0.24847499314695598","0.3615249914303422","0.3615249914303422","0.3615249914303422","0.4287249878793955","0.4287249878793955","0.4287249878793955","0.4947499887645245","0.4947499887645245","0.4947499887645245","0.5277499879151583","0.5277499879151583","0.5277499879151583","0.5811249876022339","0.5811249876022339","0.5811249876022339","0.6091999872028828","0.6091999872028828","0.6091999872028828","0.6424499855190515","0.6424499855190515","0.6424499855190515","0.6703749860823155","0.6703749860823155","0.6703749860823155"
"4","0.2653999928385019","0.2653999928385019","0.2653999928385019","0.38197499100118876","0.38197499100118876","0.38197499100118876","0.46049998678267","0.46049998678267","0.46049998678267","0.5279249870032072","0.5279249870032072","0.5279249870032072","0.5697999884933234","0.5697999884933234","0.5697999884933234","0.6147499869763852","0.6147499869763852","0.6147499869763852","0.6498499844968318","0.6498499844968318","0.6498499844968318","0.6805749848484993","0.6805749848484993","0.6805749848484993","0.7091999845206738","0.7091999845206738","0.7091999845206738"
"5","0.27727499302476644","0.27727499302476644","0.27727499302476644","0.3954499899223447","0.3954499899223447","0.3954499899223447","0.48277498766779897","0.48277498766779897","0.48277498766779897","0.5508249862492085","0.5508249862492085","0.5508249862492085","0.595649986565113","0.595649986565113","0.595649986565113","0.6356249859184027","0.6356249859184027","0.6356249859184027","0.6700749837607145","0.6700749837607145","0.6700749837607145","0.7041999842226505","0.7041999842226505","0.7041999842226505","0.7356999829411507","0.7356999829411507","0.7356999829411507"
"6","0.29127499263733625","0.29127499263733625","0.29127499263733625","0.4154749888926744","0.4154749888926744","0.4154749888926744","0.49837498731911184","0.49837498731911184","0.49837498731911184","0.5677999886870384","0.5677999886870384","0.5677999886870384","0.6136249875277281","0.6136249875277281","0.6136249875277281","0.6561749850213527","0.6561749850213527","0.6561749850213527","0.6900749838352204","0.6900749838352204","0.6900749838352204","0.7265749828517437","0.7265749828517437","0.7265749828517437","0.7570999827980995","0.7570999827980995","0.7570999827980995"
"7","0.2975999926030636","0.2975999926030636","0.2975999926030636","0.42264998838305473","0.42264998838305473","0.42264998838305473","0.5154499863833188","0.5154499863833188","0.5154499863833188","0.5827499867230653","0.5827499867230653","0.5827499867230653","0.6288249852508306","0.6288249852508306","0.6288249852508306","0.6743999855220317","0.6743999855220317","0.6743999855220317","0.7068999841809273","0.7068999841809273","0.7068999841809273","0.7409249837696552","0.7409249837696552","0.7409249837696552","0.7821249814331531","0.7821249814331531","0.7821249814331531"
"8","0.30472499303519723","0.30472499303519723","0.30472499303519723","0.433524988591671","0.433524988591671","0.433524988591671","0.5238499877601862","0.5238499877601862","0.5238499877601862","0.5961749856173992","0.5961749856173992","0.5961749856173992","0.6451999856531621","0.6451999856531621","0.6451999856531621","0.6812499834597111","0.6812499834597111","0.6812499834597111","0.7193999829888343","0.7193999829888343","0.7193999829888343","0.756324982047081","0.756324982047081","0.756324982047081","0.796324979364872","0.796324979364872","0.796324979364872"
"9","0.3110999924317002","0.3110999924317002","0.3110999924317002","0.43949998922646044","0.43949998922646044","0.43949998922646044","0.5354749864339828","0.5354749864339828","0.5354749864339828","0.6033499871939421","0.6033499871939421","0.6033499871939421","0.6554999856650829","0.6554999856650829","0.6554999856650829","0.6964749848842621","0.6964749848842621","0.6964749848842621","0.7305249831080437","0.7305249831080437","0.7305249831080437","0.7707749824225902","0.7707749824225902","0.7707749824225902","0.8096249790489674","0.8096249790489674","0.8096249790489674"
"10","0.3172249929979444","0.3172249929979444","0.3172249929979444","0.44779998674988747","0.44779998674988747","0.44779998674988747","0.5434749879688024","0.5434749879688024","0.5434749879688024","0.612074987590313","0.612074987590313","0.612074987590313","0.6610999846458435","0.6610999846458435","0.6610999846458435","0.7054999831318856","0.7054999831318856","0.7054999831318856","0.7422999808192253","0.7422999808192253","0.7422999808192253","0.7834499813616276","0.7834499813616276","0.7834499813616276","0.8277249781787396","0.8277249781787396","0.8277249781787396"
"11","0.32039999224245547","0.32039999224245547","0.32039999224245547","0.4587499874830246","0.4587499874830246","0.4587499874830246","0.5453249864280224","0.5453249864280224","0.5453249864280224","0.6205999870598317","0.6205999870598317","0.6205999870598317","0.6703999836742878","0.6703999836742878","0.6703999836742878","0.7141749830543995","0.7141749830543995","0.7141749830543995","0.7527999818325043","0.7527999818325043","0.7527999818325043","0.7930499798059464","0.7930499798059464","0.7930499798059464","0.8442999784648418","0.8442999784648418","0.8442999784648418"
"12","0.3225249923020601","0.3225249923020601","0.3225249923020601","0.46489998817443845","0.46489998817443845","0.46489998817443845","0.5533749882131815","0.5533749882131815","0.5533749882131815","0.6246249864250422","0.6246249864250422","0.6246249864250422","0.679874983727932","0.679874983727932","0.679874983727932","0.7237999831140042","0.7237999831140042","0.7237999831140042","0.7597999818623066","0.7597999818623066","0.7597999818623066","0.8087749786674976","0.8087749786674976","0.8087749786674976","0.8549499787390232","0.8549499787390232","0.8549499787390232"
"13","0.3301499928534031","0.3301499928534031","0.3301499928534031","0.46762498758733273","0.46762498758733273","0.46762498758733273","0.5623749852925539","0.5623749852925539","0.5623749852925539","0.6298999863862992","0.6298999863862992","0.6298999863862992","0.684574983716011","0.684574983716011","0.684574983716011","0.7283249817788601","0.7283249817788601","0.7283249817788601","0.7689999820291996","0.7689999820291996","0.7689999820291996","0.8183999784290791","0.8183999784290791","0.8183999784290791","0.8699999791383743","0.8699999791383743","0.8699999791383743"
"14","0.33379999190568926","0.33379999190568926","0.33379999190568926","0.47182498782873156","0.47182498782873156","0.47182498782873156","0.5687749882042408","0.5687749882042408","0.5687749882042408","0.6353999856114387","0.6353999856114387","0.6353999856114387","0.6912499822676181","0.6912499822676181","0.6912499822676181","0.7359499809145927","0.7359499809145927","0.7359499809145927","0.7742249810695648","0.7742249810695648","0.7742249810695648","0.8267499776184559","0.8267499776184559","0.8267499776184559","0.8769999796152115","0.8769999796152115","0.8769999796152115"
"15","0.337774992659688","0.337774992659688","0.337774992659688","0.4798749869316816","0.4798749869316816","0.4798749869316816","0.5717999866604805","0.5717999866604805","0.5717999866604805","0.6414749865233899","0.6414749865233899","0.6414749865233899","0.6939999842643738","0.6939999842643738","0.6939999842643738","0.7441999819874764","0.7441999819874764","0.7441999819874764","0.7852749781310558","0.7852749781310558","0.7852749781310558","0.8340749777853489","0.8340749777853489","0.8340749777853489","0.8871999797224999","0.8871999797224999","0.8871999797224999"
"16","0.34207499235868455","0.34207499235868455","0.34207499235868455","0.48189998731017114","0.48189998731017114","0.48189998731017114","0.5814749862998724","0.5814749862998724","0.5814749862998724","0.6480999851226806","0.6480999851226806","0.6480999851226806","0.7045249836146832","0.7045249836146832","0.7045249836146832","0.7473249812424183","0.7473249812424183","0.7473249812424183","0.7943749791383743","0.7943749791383743","0.7943749791383743","0.8448999784886837","0.8448999784886837","0.8448999784886837","0.9007749800384045","0.9007749800384045","0.9007749800384045"
"17","0.3446749919652939","0.3446749919652939","0.3446749919652939","0.4872999868541956","0.4872999868541956","0.4872999868541956","0.5810999876260757","0.5810999876260757","0.5810999876260757","0.6502499857544899","0.6502499857544899","0.6502499857544899","0.7049249839782715","0.7049249839782715","0.7049249839782715","0.7559249828755855","0.7559249828755855","0.7559249828755855","0.8014499785006046","0.8014499785006046","0.8014499785006046","0.851249977350235","0.851249977350235","0.851249977350235","0.9056499813497066","0.9056499813497066","0.9056499813497066"
"18","0.34922499280422925","0.34922499280422925","0.34922499280422925","0.49029998779296874","0.49029998779296874","0.49029998779296874","0.5855249872803688","0.5855249872803688","0.5855249872803688","0.6586249858140946","0.6586249858140946","0.6586249858140946","0.7105499824881554","0.7105499824881554","0.7105499824881554","0.7595499815046787","0.7595499815046787","0.7595499815046787","0.8043249796330929","0.8043249796330929","0.8043249796330929","0.8576249797642231","0.8576249797642231","0.8576249797642231","0.9110749807953834","0.9110749807953834","0.9110749807953834"
"19","0.349249991774559","0.349249991774559","0.349249991774559","0.49477498687803745","0.49477498687803745","0.49477498687803745","0.588549986332655","0.588549986332655","0.588549986332655","0.6600999854505062","0.6600999854505062","0.6600999854505062","0.7155499830842018","0.7155499830842018","0.7155499830842018","0.7639249804615974","0.7639249804615974","0.7639249804615974","0.8119249780476093","0.8119249780476093","0.8119249780476093","0.8636999806761742","0.8636999806761742","0.8636999806761742","0.9193749806284904","0.9193749806284904","0.9193749806284904"
"20","0.35254999179393054","0.35254999179393054","0.35254999179393054","0.5020749863237143","0.5020749863237143","0.5020749863237143","0.5925499866157771","0.5925499866157771","0.5925499866157771","0.6615999825298786","0.6615999825298786","0.6615999825298786","0.7169249826669692","0.7169249826669692","0.7169249826669692","0.7694249805808068","0.7694249805808068","0.7694249805808068","0.8156749798357487","0.8156749798357487","0.8156749798357487","0.8688999791443348","0.8688999791443348","0.8688999791443348","0.9262249839305877","0.9262249839305877","0.9262249839305877"
"21","0.3573749915137887","0.3573749915137887","0.3573749915137887","0.5000249879807234","0.5000249879807234","0.5000249879807234","0.5964749868959188","0.5964749868959188","0.5964749868959188","0.6646499848365783","0.6646499848365783","0.6646499848365783","0.7203249831497669","0.7203249831497669","0.7203249831497669","0.773574982136488","0.773574982136488","0.773574982136488","0.8229999782145023","0.8229999782145023","0.8229999782145023","0.8742749798297882","0.8742749798297882","0.8742749798297882","0.9308249814808369","0.9308249814808369","0.9308249814808369"
"22","0.35719999223947524","0.35719999223947524","0.35719999223947524","0.5040749867260456","0.5040749867260456","0.5040749867260456","0.5993249870836734","0.5993249870836734","0.5993249870836734","0.6676749840378762","0.6676749840378762","0.6676749840378762","0.7281749837100506","0.7281749837100506","0.7281749837100506","0.7771999801695347","0.7771999801695347","0.7771999801695347","0.8259249770641327","0.8259249770641327","0.8259249770641327","0.881399979442358","0.881399979442358","0.881399979442358","0.9339749825000763","0.9339749825000763","0.9339749825000763"
"23","0.3642499914392829","0.3642499914392829","0.3642499914392829","0.5066999878734351","0.5066999878734351","0.5066999878734351","0.5994499876350164","0.5994499876350164","0.5994499876350164","0.6712499834597111","0.6712499834597111","0.6712499834597111","0.7290249827504158","0.7290249827504158","0.7290249827504158","0.7839749805629254","0.7839749805629254","0.7839749805629254","0.8310999773442745","0.8310999773442745","0.8310999773442745","0.8882999813556671","0.8882999813556671","0.8882999813556671","0.9401249814033509","0.9401249814033509","0.9401249814033509"
"24","0.36867499075829985","0.36867499075829985","0.36867499075829985","0.50767498716712","0.50767498716712","0.50767498716712","0.602349985614419","0.602349985614419","0.602349985614419","0.6737999853491783","0.6737999853491783","0.6737999853491783","0.7337249812483787","0.7337249812483787","0.7337249812483787","0.7862249816954135","0.7862249816954135","0.7862249816954135","0.8374999789893627","0.8374999789893627","0.8374999789893627","0.8932749803364277","0.8932749803364277","0.8932749803364277","0.9424749802052975","0.9424749802052975","0.9424749802052975"
"25","0.3700249918177724","0.3700249918177724","0.3700249918177724","0.5109749869257212","0.5109749869257212","0.5109749869257212","0.6067999863624572","0.6067999863624572","0.6067999863624572","0.6778249838948249","0.6778249838948249","0.6778249838948249","0.7370749837160111","0.7370749837160111","0.7370749837160111","0.7906749799847603","0.7906749799847603","0.7906749799847603","0.8395999796688557","0.8395999796688557","0.8395999796688557","0.8947249804437161","0.8947249804437161","0.8947249804437161","0.9459749822318554","0.9459749822318554","0.9459749822318554"
"26","0.37022499114274976","0.37022499114274976","0.37022499114274976","0.5175249883532524","0.5175249883532524","0.5175249883532524","0.6155999867618084","0.6155999867618084","0.6155999867618084","0.6793749843537807","0.6793749843537807","0.6793749843537807","0.7393499831855297","0.7393499831855297","0.7393499831855297","0.7927749799191952","0.7927749799191952","0.7927749799191952","0.8394499792158604","0.8394499792158604","0.8394499792158604","0.8998499824106694","0.8998499824106694","0.8998499824106694","0.9479999807476998","0.9479999807476998","0.9479999807476998"
"27","0.37439999099820853","0.37439999099820853","0.37439999099820853","0.5154249876737594","0.5154249876737594","0.5154249876737594","0.6142249882221222","0.6142249882221222","0.6142249882221222","0.6803999836742878","0.6803999836742878","0.6803999836742878","0.7422749820351601","0.7422749820351601","0.7422749820351601","0.7979999792575836","0.7979999792575836","0.7979999792575836","0.8470249789953231","0.8470249789953231","0.8470249789953231","0.9023749807476997","0.9023749807476997","0.9023749807476997","0.9505499808490276","0.9505499808490276","0.9505499808490276"
"28","0.37359999112784864","0.37359999112784864","0.37359999112784864","0.5233499865978957","0.5233499865978957","0.5233499865978957","0.6168249869346618","0.6168249869346618","0.6168249869346618","0.6813499838113785","0.6813499838113785","0.6813499838113785","0.7464999823272228","0.7464999823272228","0.7464999823272228","0.7993999791145324","0.7993999791145324","0.7993999791145324","0.8510749794542789","0.8510749794542789","0.8510749794542789","0.9053499819338322","0.9053499819338322","0.9053499819338322","0.9530499796569347","0.9530499796569347","0.9530499796569347"
"29","0.37262499138712885","0.37262499138712885","0.37262499138712885","0.5206749872118235","0.5206749872118235","0.5206749872118235","0.616749986037612","0.616749986037612","0.616749986037612","0.6845749835669994","0.6845749835669994","0.6845749835669994","0.7457249821722507","0.7457249821722507","0.7457249821722507","0.8016499787569046","0.8016499787569046","0.8016499787569046","0.8542999802529812","0.8542999802529812","0.8542999802529812","0.9093249815702439","0.9093249815702439","0.9093249815702439","0.9557749776542187","0.9557749776542187","0.9557749776542187"
"30","0.37584999050945045","0.37584999050945045","0.37584999050945045","0.523649986833334","0.523649986833334","0.523649986833334","0.6231749864667654","0.6231749864667654","0.6231749864667654","0.6888749818503856","0.6888749818503856","0.6888749818503856","0.7489749819040299","0.7489749819040299","0.7489749819040299","0.8034749785065651","0.8034749785065651","0.8034749785065651","0.856049979776144","0.856049979776144","0.856049979776144","0.9116499811410904","0.9116499811410904","0.9116499811410904","0.956099977940321","0.956099977940321","0.956099977940321"
"31","0.38189999040216205","0.38189999040216205","0.38189999040216205","0.5290749866515398","0.5290749866515398","0.5290749866515398","0.6227749869972468","0.6227749869972468","0.6227749869972468","0.6899499842524528","0.6899499842524528","0.6899499842524528","0.7518999814987183","0.7518999814987183","0.7518999814987183","0.8094749784469605","0.8094749784469605","0.8094749784469605","0.860249979943037","0.860249979943037","0.860249979943037","0.9137499816715717","0.9137499816715717","0.9137499816715717","0.9579749774932861","0.9579749774932861","0.9579749774932861"
"32","0.38264999017119405","0.38264999017119405","0.38264999017119405","0.5307499869912863","0.5307499869912863","0.5307499869912863","0.6221249866485595","0.6221249866485595","0.6221249866485595","0.6922249843180179","0.6922249843180179","0.6922249843180179","0.7557249811291694","0.7557249811291694","0.7557249811291694","0.810874978005886","0.810874978005886","0.810874978005886","0.8601749792695046","0.8601749792695046","0.8601749792695046","0.9162749803066254","0.9162749803066254","0.9162749803066254","0.9588499768078327","0.9588499768078327","0.9588499768078327"
"33","0.3837749900668859","0.3837749900668859","0.3837749900668859","0.5293499873578549","0.5293499873578549","0.5293499873578549","0.6242749851942062","0.6242749851942062","0.6242749851942062","0.6943749837577343","0.6943749837577343","0.6943749837577343","0.7577499818801879","0.7577499818801879","0.7577499818801879","0.8158999793231487","0.8158999793231487","0.8158999793231487","0.8647749795019627","0.8647749795019627","0.8647749795019627","0.919049981534481","0.919049981534481","0.919049981534481","0.9633749756217003","0.9633749756217003","0.9633749756217003"
"34","0.3850499899685383","0.3850499899685383","0.3850499899685383","0.5317749877274036","0.5317749877274036","0.5317749877274036","0.6271749878674746","0.6271749878674746","0.6271749878674746","0.6954749839007854","0.6954749839007854","0.6954749839007854","0.7545999811589718","0.7545999811589718","0.7545999811589718","0.813749980032444","0.813749980032444","0.813749980032444","0.8655249804258347","0.8655249804258347","0.8655249804258347","0.9209249816834927","0.9209249816834927","0.9209249816834927","0.9625499752163887","0.9625499752163887","0.9625499752163887"
"35","0.38849999006837604","0.38849999006837604","0.38849999006837604","0.5350249868631363","0.5350249868631363","0.5350249868631363","0.6284249845892191","0.6284249845892191","0.6284249845892191","0.6969999834895134","0.6969999834895134","0.6969999834895134","0.7606499822437763","0.7606499822437763","0.7606499822437763","0.8160999777913094","0.8160999777913094","0.8160999777913094","0.8702249804139137","0.8702249804139137","0.8702249804139137","0.9232249832153321","0.9232249832153321","0.9232249832153321","0.9652499735355378","0.9652499735355378","0.9652499735355378"
"36","0.3880999890714884","0.3880999890714884","0.3880999890714884","0.5365749873220921","0.5365749873220921","0.5365749873220921","0.6308749862015247","0.6308749862015247","0.6308749862015247","0.7021249838173389","0.7021249838173389","0.7021249838173389","0.7633999797701836","0.7633999797701836","0.7633999797701836","0.8207249788939953","0.8207249788939953","0.8207249788939953","0.872224979698658","0.872224979698658","0.872224979698658","0.9250999818742275","0.9250999818742275","0.9250999818742275","0.9658499743044376","0.9658499743044376","0.9658499743044376"
"37","0.3939749898016453","0.3939749898016453","0.3939749898016453","0.536474987193942","0.536474987193942","0.536474987193942","0.6325499863177538","0.6325499863177538","0.6325499863177538","0.701699982881546","0.701699982881546","0.701699982881546","0.7661499816179276","0.7661499816179276","0.7661499816179276","0.8202749791741372","0.8202749791741372","0.8202749791741372","0.8731999807059765","0.8731999807059765","0.8731999807059765","0.9261499834060669","0.9261499834060669","0.9261499834060669","0.9662749736011028","0.9662749736011028","0.9662749736011028"
"38","0.39204998917877676","0.39204998917877676","0.39204998917877676","0.5404749870300293","0.5404749870300293","0.5404749870300293","0.6315249855071307","0.6315249855071307","0.6315249855071307","0.7037499836087227","0.7037499836087227","0.7037499836087227","0.7667999793589115","0.7667999793589115","0.7667999793589115","0.8225999777019024","0.8225999777019024","0.8225999777019024","0.8762749820947647","0.8762749820947647","0.8762749820947647","0.9304499830305576","0.9304499830305576","0.9304499830305576","0.9671249744296074","0.9671249744296074","0.9671249744296074"
"39","0.39322498977184295","0.39322498977184295","0.39322498977184295","0.5398499866575003","0.5398499866575003","0.5398499866575003","0.6307249869406223","0.6307249869406223","0.6307249869406223","0.7058249834179878","0.7058249834179878","0.7058249834179878","0.7673999813199043","0.7673999813199043","0.7673999813199043","0.8251749801635743","0.8251749801635743","0.8251749801635743","0.8800749805569649","0.8800749805569649","0.8800749805569649","0.9315499839186668","0.9315499839186668","0.9315499839186668","0.9693499721586705","0.9693499721586705","0.9693499721586705"
"40","0.3941749902814627","0.3941749902814627","0.3941749902814627","0.5427249878644943","0.5427249878644943","0.5427249878644943","0.6340249862521887","0.6340249862521887","0.6340249862521887","0.7055249831080437","0.7055249831080437","0.7055249831080437","0.76922498062253","0.76922498062253","0.76922498062253","0.8264749790728092","0.8264749790728092","0.8264749790728092","0.8819249814748764","0.8819249814748764","0.8819249814748764","0.9299499829113483","0.9299499829113483","0.9299499829113483","0.9688499726355075","0.9688499726355075","0.9688499726355075"
"41","0.39752498984336854","0.39752498984336854","0.39752498984336854","0.5435249864310027","0.5435249864310027","0.5435249864310027","0.6358999851346016","0.6358999851346016","0.6358999851346016","0.7056499841809273","0.7056499841809273","0.7056499841809273","0.7711749801039696","0.7711749801039696","0.7711749801039696","0.8308999788761139","0.8308999788761139","0.8308999788761139","0.8825749814510345","0.8825749814510345","0.8825749814510345","0.9336999827623367","0.9336999827623367","0.9336999827623367","0.9693249706923962","0.9693249706923962","0.9693249706923962"
"42","0.3985499890893698","0.3985499890893698","0.3985499890893698","0.545024987384677","0.545024987384677","0.545024987384677","0.6407249850034714","0.6407249850034714","0.6407249850034714","0.7062499840557576","0.7062499840557576","0.7062499840557576","0.77379998087883","0.77379998087883","0.77379998087883","0.8306249785423279","0.8306249785423279","0.8306249785423279","0.8841999807953834","0.8841999807953834","0.8841999807953834","0.9355499829351902","0.9355499829351902","0.9355499829351902","0.9714999702572823","0.9714999702572823","0.9714999702572823"
"43","0.4000999893993139","0.4000999893993139","0.4000999893993139","0.5466499871015549","0.5466499871015549","0.5466499871015549","0.6421749845147133","0.6421749845147133","0.6421749845147133","0.7056499828398227","0.7056499828398227","0.7056499828398227","0.773224980533123","0.773224980533123","0.773224980533123","0.8351499783992767","0.8351499783992767","0.8351499783992767","0.8826499800384044","0.8826499800384044","0.8826499800384044","0.9360999834537506","0.9360999834537506","0.9360999834537506","0.9693499714136123","0.9693499714136123","0.9693499714136123"
"44","0.3955499891191721","0.3955499891191721","0.3955499891191721","0.5467999871075153","0.5467999871075153","0.5467999871075153","0.638774985074997","0.638774985074997","0.638774985074997","0.7107249817252159","0.7107249817252159","0.7107249817252159","0.7750499805808068","0.7750499805808068","0.7750499805808068","0.8299249787628651","0.8299249787628651","0.8299249787628651","0.8881749810278415","0.8881749810278415","0.8881749810278415","0.9361249825358391","0.9361249825358391","0.9361249825358391","0.9730749695003033","0.9730749695003033","0.9730749695003033"
"45","0.40314998902380467","0.40314998902380467","0.40314998902380467","0.5484749872982502","0.5484749872982502","0.5484749872982502","0.6390749844908714","0.6390749844908714","0.6390749844908714","0.7123249830305576","0.7123249830305576","0.7123249830305576","0.7776499810814858","0.7776499810814858","0.7776499810814858","0.8360999794304371","0.8360999794304371","0.8360999794304371","0.8884249800443649","0.8884249800443649","0.8884249800443649","0.939999981969595","0.939999981969595","0.939999981969595","0.9728749695420266","0.9728749695420266","0.9728749695420266"
"46","0.4031749899685383","0.4031749899685383","0.4031749899685383","0.5501749868690967","0.5501749868690967","0.5501749868690967","0.6411249868571758","0.6411249868571758","0.6411249868571758","0.7115249834954739","0.7115249834954739","0.7115249834954739","0.7772749811410904","0.7772749811410904","0.7772749811410904","0.8355749775469303","0.8355749775469303","0.8355749775469303","0.8929749795794487","0.8929749795794487","0.8929749795794487","0.9384249827265739","0.9384249827265739","0.9384249827265739","0.9752249693870545","0.9752249693870545","0.9752249693870545"
"47","0.4043499895185232","0.4043499895185232","0.4043499895185232","0.5499999864399433","0.5499999864399433","0.5499999864399433","0.64227498665452","0.64227498665452","0.64227498665452","0.7134499828517437","0.7134499828517437","0.7134499828517437","0.7814999808371067","0.7814999808371067","0.7814999808371067","0.8391749788820744","0.8391749788820744","0.8391749788820744","0.8919499814510345","0.8919499814510345","0.8919499814510345","0.9432749807834625","0.9432749807834625","0.9432749807834625","0.9729249700903893","0.9729249700903893","0.9729249700903893"
"48","0.40582498952746393","0.40582498952746393","0.40582498952746393","0.5529249873757363","0.5529249873757363","0.5529249873757363","0.647574986666441","0.647574986666441","0.647574986666441","0.7150499826669693","0.7150499826669693","0.7150499826669693","0.7807499806582928","0.7807499806582928","0.7807499806582928","0.8410999801754951","0.8410999801754951","0.8410999801754951","0.8941249811649322","0.8941249811649322","0.8941249811649322","0.9416999822854996","0.9416999822854996","0.9416999822854996","0.9737749691307545","0.9737749691307545","0.9737749691307545"
"49","0.40759998962283134","0.40759998962283134","0.40759998962283134","0.5511499869823456","0.5511499869823456","0.5511499869823456","0.6448499868810177","0.6448499868810177","0.6448499868810177","0.7153499820828437","0.7153499820828437","0.7153499820828437","0.7811749790608883","0.7811749790608883","0.7811749790608883","0.8404999795556068","0.8404999795556068","0.8404999795556068","0.8948249813914299","0.8948249813914299","0.8948249813914299","0.940199982970953","0.940199982970953","0.940199982970953","0.9764999696612358","0.9764999696612358","0.9764999696612358"
"50","0.40767498917877676","0.40767498917877676","0.40767498917877676","0.555349987745285","0.555349987745285","0.555349987745285","0.645024985447526","0.645024985447526","0.645024985447526","0.718549982458353","0.718549982458353","0.718549982458353","0.7812249802052975","0.7812249802052975","0.7812249802052975","0.841749979108572","0.841749979108572","0.841749979108572","0.8927749814093113","0.8927749814093113","0.8927749814093113","0.9443999816477299","0.9443999816477299","0.9443999816477299","0.9771999686956405","0.9771999686956405","0.9771999686956405"
"51","0.40812498912215234","0.40812498912215234","0.40812498912215234","0.5550999853760004","0.5550999853760004","0.5550999853760004","0.6497249855101108","0.6497249855101108","0.6497249855101108","0.7177999846637249","0.7177999846637249","0.7177999846637249","0.7840249797701836","0.7840249797701836","0.7840249797701836","0.8408749799430371","0.8408749799430371","0.8408749799430371","0.8985249814391136","0.8985249814391136","0.8985249814391136","0.9433749820291996","0.9433749820291996","0.9433749820291996","0.9778999692201614","0.9778999692201614","0.9778999692201614"
"52","0.41089998848736287","0.41089998848736287","0.41089998848736287","0.5532499868422747","0.5532499868422747","0.5532499868422747","0.6507249861955643","0.6507249861955643","0.6507249861955643","0.7200499840080739","0.7200499840080739","0.7200499840080739","0.7836499798297882","0.7836499798297882","0.7836499798297882","0.8463499784469605","0.8463499784469605","0.8463499784469605","0.8956249818205834","0.8956249818205834","0.8956249818205834","0.946399982124567","0.946399982124567","0.946399982124567","0.9745749688148498","0.9745749688148498","0.9745749688148498"
"53","0.4128999889642","0.4128999889642","0.4128999889642","0.5575499879568815","0.5575499879568815","0.5575499879568815","0.6489249870181084","0.6489249870181084","0.6489249870181084","0.7222999830543995","0.7222999830543995","0.7222999830543995","0.7871499799191952","0.7871499799191952","0.7871499799191952","0.8443499793112278","0.8443499793112278","0.8443499793112278","0.8981249818205833","0.8981249818205833","0.8981249818205833","0.9453499813377857","0.9453499813377857","0.9453499813377857","0.9770499670505524","0.9770499670505524","0.9770499670505524"
"54","0.4128749891370535","0.4128749891370535","0.4128749891370535","0.560299986898899","0.560299986898899","0.560299986898899","0.6549999849498271","0.6549999849498271","0.6549999849498271","0.7206749820709228","0.7206749820709228","0.7206749820709228","0.7871249797940254","0.7871249797940254","0.7871249797940254","0.8493249794840813","0.8493249794840813","0.8493249794840813","0.9000999814271927","0.9000999814271927","0.9000999814271927","0.9466249816119671","0.9466249816119671","0.9466249816119671","0.9757499679923057","0.9757499679923057","0.9757499679923057"
"55","0.41014998890459536","0.41014998890459536","0.41014998890459536","0.5548249873518943","0.5548249873518943","0.5548249873518943","0.6514749851822853","0.6514749851822853","0.6514749851822853","0.7244999812543392","0.7244999812543392","0.7244999812543392","0.7892749792337418","0.7892749792337418","0.7892749792337418","0.848574979454279","0.848574979454279","0.848574979454279","0.8995749807357788","0.8995749807357788","0.8995749807357788","0.9468999806046486","0.9468999806046486","0.9468999806046486","0.9775999680161476","0.9775999680161476","0.9775999680161476"
"56","0.41137498915195464","0.41137498915195464","0.41137498915195464","0.5606999868899584","0.5606999868899584","0.5606999868899584","0.6534499850869179","0.6534499850869179","0.6534499850869179","0.7207249829173088","0.7207249829173088","0.7207249829173088","0.7888749800622463","0.7888749800622463","0.7888749800622463","0.8484499795734882","0.8484499795734882","0.8484499795734882","0.9037999801337719","0.9037999801337719","0.9037999801337719","0.9483749802410603","0.9483749802410603","0.9483749802410603","0.9793749679625035","0.9793749679625035","0.9793749679625035"
"57","0.41574998885393144","0.41574998885393144","0.41574998885393144","0.5587999867647886","0.5587999867647886","0.5587999867647886","0.654949986115098","0.654949986115098","0.654949986115098","0.721449982970953","0.721449982970953","0.721449982970953","0.7912499795854092","0.7912499795854092","0.7912499795854092","0.8481249803304672","0.8481249803304672","0.8481249803304672","0.9040749810636044","0.9040749810636044","0.9040749810636044","0.9492249818146229","0.9492249818146229","0.9492249818146229","0.9787999685108661","0.9787999685108661","0.9787999685108661"
"58","0.4160749892145395","0.4160749892145395","0.4160749892145395","0.561599987372756","0.561599987372756","0.561599987372756","0.6554749845713377","0.6554749845713377","0.6554749845713377","0.7229999832808971","0.7229999832808971","0.7229999832808971","0.7893999794125557","0.7893999794125557","0.7893999794125557","0.8508499801158905","0.8508499801158905","0.8508499801158905","0.9041249798238278","0.9041249798238278","0.9041249798238278","0.9510749804973603","0.9510749804973603","0.9510749804973603","0.9785499681532382","0.9785499681532382","0.9785499681532382"
"59","0.4146499891579151","0.4146499891579151","0.4146499891579151","0.564574985653162","0.564574985653162","0.564574985653162","0.6528749841451645","0.6528749841451645","0.6528749841451645","0.725924982279539","0.725924982279539","0.725924982279539","0.7940999786555767","0.7940999786555767","0.7940999786555767","0.8500749790668487","0.8500749790668487","0.8500749790668487","0.903274981379509","0.903274981379509","0.903274981379509","0.9488499808311462","0.9488499808311462","0.9488499808311462","0.9782999694347382","0.9782999694347382","0.9782999694347382"
"60","0.4175749891251326","0.4175749891251326","0.4175749891251326","0.563524988219142","0.563524988219142","0.563524988219142","0.6559999826550483","0.6559999826550483","0.6559999826550483","0.7256249846518039","0.7256249846518039","0.7256249846518039","0.7949999791383743","0.7949999791383743","0.7949999791383743","0.8490999802947045","0.8490999802947045","0.8490999802947045","0.902474979609251","0.902474979609251","0.902474979609251","0.9536999796330928","0.9536999796330928","0.9536999796330928","0.9792249675095082","0.9792249675095082","0.9792249675095082"
"61","0.4163999895751476","0.4163999895751476","0.4163999895751476","0.5646499852836132","0.5646499852836132","0.5646499852836132","0.6530999847501516","0.6530999847501516","0.6530999847501516","0.72517498254776","0.72517498254776","0.72517498254776","0.7969499789178371","0.7969499789178371","0.7969499789178371","0.8556499801576137","0.8556499801576137","0.8556499801576137","0.9063249823451042","0.9063249823451042","0.9063249823451042","0.9543749791383743","0.9543749791383743","0.9543749791383743","0.9787499685585499","0.9787499685585499","0.9787499685585499"
"62","0.4167249894887209","0.4167249894887209","0.4167249894887209","0.5654999869316817","0.5654999869316817","0.5654999869316817","0.6553999862074852","0.6553999862074852","0.6553999862074852","0.7276999832689762","0.7276999832689762","0.7276999832689762","0.7959999781847","0.7959999781847","0.7959999781847","0.8561749796569348","0.8561749796569348","0.8561749796569348","0.9085749812424183","0.9085749812424183","0.9085749812424183","0.9514499790966511","0.9514499790966511","0.9514499790966511","0.9779999683797359","0.9779999683797359","0.9779999683797359"
"63","0.416149989888072","0.416149989888072","0.416149989888072","0.5664999877661466","0.5664999877661466","0.5664999877661466","0.6582249848544598","0.6582249848544598","0.6582249848544598","0.7249249829351903","0.7249249829351903","0.7249249829351903","0.7944499792158604","0.7944499792158604","0.7944499792158604","0.85507498010993","0.85507498010993","0.85507498010993","0.9112749812006951","0.9112749812006951","0.9112749812006951","0.9517749792337418","0.9517749792337418","0.9517749792337418","0.9805999670922756","0.9805999670922756","0.9805999670922756"
"64","0.4227999886125326","0.4227999886125326","0.4227999886125326","0.5698749885708093","0.5698749885708093","0.5698749885708093","0.660149984061718","0.660149984061718","0.660149984061718","0.728349981456995","0.728349981456995","0.728349981456995","0.798424978852272","0.798424978852272","0.798424978852272","0.85444998010993","0.85444998010993","0.85444998010993","0.9100999823212623","0.9100999823212623","0.9100999823212623","0.953024979531765","0.953024979531765","0.953024979531765","0.9806999664008618","0.9806999664008618","0.9806999664008618"
"65","0.42227498821914194","0.42227498821914194","0.42227498821914194","0.5642999874055386","0.5642999874055386","0.5642999874055386","0.6613749843835831","0.6613749843835831","0.6613749843835831","0.7331749823689461","0.7331749823689461","0.7331749823689461","0.798224977850914","0.798224977850914","0.798224977850914","0.8603999793529511","0.8603999793529511","0.8603999793529511","0.9093749794363976","0.9093749794363976","0.9093749794363976","0.9538249789178371","0.9538249789178371","0.9538249789178371","0.9799749691784382","0.9799749691784382","0.9799749691784382"
"66","0.4230749885737896","0.4230749885737896","0.4230749885737896","0.5709249890595675","0.5709249890595675","0.5709249890595675","0.6612499849498272","0.6612499849498272","0.6612499849498272","0.7308499848842621","0.7308499848842621","0.7308499848842621","0.7965749806165695","0.7965749806165695","0.7965749806165695","0.8580749788880349","0.8580749788880349","0.8580749788880349","0.9089249804615974","0.9089249804615974","0.9089249804615974","0.9551249803602695","0.9551249803602695","0.9551249803602695","0.9801749661564827","0.9801749661564827","0.9801749661564827"
"67","0.4288249889761209","0.4288249889761209","0.4288249889761209","0.570249986872077","0.570249986872077","0.570249986872077","0.6553999854624272","0.6553999854624272","0.6553999854624272","0.7317499820888043","0.7317499820888043","0.7317499820888043","0.7990249790251255","0.7990249790251255","0.7990249790251255","0.8588499790430069","0.8588499790430069","0.8588499790430069","0.9112249831855297","0.9112249831855297","0.9112249831855297","0.9544999784231186","0.9544999784231186","0.9544999784231186","0.9823499688506127","0.9823499688506127","0.9823499688506127"
"68","0.42264998830854894","0.42264998830854894","0.42264998830854894","0.5718249855190516","0.5718249855190516","0.5718249855190516","0.6590749844908714","0.6590749844908714","0.6590749844908714","0.7322999820113182","0.7322999820113182","0.7322999820113182","0.799099979698658","0.799099979698658","0.799099979698658","0.8562499792873859","0.8562499792873859","0.8562499792873859","0.911999980956316","0.911999980956316","0.911999980956316","0.9536999790370464","0.9536999790370464","0.9536999790370464","0.9819749680161476","0.9819749680161476","0.9819749680161476"
"69","0.4228999886661768","0.4228999886661768","0.4228999886661768","0.571149986833334","0.571149986833334","0.571149986833334","0.6588249841332435","0.6588249841332435","0.6588249841332435","0.7324249818921089","0.7324249818921089","0.7324249818921089","0.8046249777078629","0.8046249777078629","0.8046249777078629","0.8619249799847603","0.8619249799847603","0.8619249799847603","0.9146749810874462","0.9146749810874462","0.9146749810874462","0.9562999778985977","0.9562999778985977","0.9562999778985977","0.9805749680101872","0.9805749680101872","0.9805749680101872"
"70","0.4268749884516001","0.4268749884516001","0.4268749884516001","0.5705249867588281","0.5705249867588281","0.5705249867588281","0.6625749824941158","0.6625749824941158","0.6625749824941158","0.7331499814987182","0.7331499814987182","0.7331499814987182","0.803724979609251","0.803724979609251","0.803724979609251","0.865999980121851","0.865999980121851","0.865999980121851","0.9144749824702739","0.9144749824702739","0.9144749824702739","0.955824979543686","0.955824979543686","0.955824979543686","0.9818749657273292","0.9818749657273292","0.9818749657273292"
"71","0.4279999886453152","0.4279999886453152","0.4279999886453152","0.573349986821413","0.573349986821413","0.573349986821413","0.6608999842405319","0.6608999842405319","0.6608999842405319","0.7380499820411205","0.7380499820411205","0.7380499820411205","0.8010249777138233","0.8010249777138233","0.8010249777138233","0.863449979275465","0.863449979275465","0.863449979275465","0.9118999828398228","0.9118999828398228","0.9118999828398228","0.9542249797284603","0.9542249797284603","0.9542249797284603","0.9829499670863151","0.9829499670863151","0.9829499670863151"
"72","0.42164998933672904","0.42164998933672904","0.42164998933672904","0.5723499888181687","0.5723499888181687","0.5723499888181687","0.6623499849438668","0.6623499849438668","0.6623499849438668","0.7364749836921692","0.7364749836921692","0.7364749836921692","0.8009499773383141","0.8009499773383141","0.8009499773383141","0.8626749786734581","0.8626749786734581","0.8626749786734581","0.9148999811708927","0.9148999811708927","0.9148999811708927","0.9590499763190746","0.9590499763190746","0.9590499763190746","0.9827249665558339","0.9827249665558339","0.9827249665558339"
"73","0.42449998900294306","0.42449998900294306","0.42449998900294306","0.5699999883770943","0.5699999883770943","0.5699999883770943","0.6658749848604202","0.6658749848604202","0.6658749848604202","0.7339999832212925","0.7339999832212925","0.7339999832212925","0.8024499773979187","0.8024499773979187","0.8024499773979187","0.8634999801218509","0.8634999801218509","0.8634999801218509","0.914399979710579","0.914399979710579","0.914399979710579","0.9579749782383442","0.9579749782383442","0.9579749782383442","0.9800999663770199","0.9800999663770199","0.9800999663770199"
"74","0.42632498905062677","0.42632498905062677","0.42632498905062677","0.5724499879777432","0.5724499879777432","0.5724499879777432","0.6645249845832586","0.6645249845832586","0.6645249845832586","0.7348999823629856","0.7348999823629856","0.7348999823629856","0.8045749808847904","0.8045749808847904","0.8045749808847904","0.8647749802470207","0.8647749802470207","0.8647749802470207","0.9203499817848205","0.9203499817848205","0.9203499817848205","0.9589499780535697","0.9589499780535697","0.9589499780535697","0.9825999668240547","0.9825999668240547","0.9825999668240547"
"75","0.4316499887406826","0.4316499887406826","0.4316499887406826","0.5739499880373478","0.5739499880373478","0.5739499880373478","0.6661999849975109","0.6661999849975109","0.6661999849975109","0.7346749822795391","0.7346749822795391","0.7346749822795391","0.8055999785661697","0.8055999785661697","0.8055999785661697","0.8636999797821044","0.8636999797821044","0.8636999797821044","0.9158749817311764","0.9158749817311764","0.9158749817311764","0.9573499783873558","0.9573499783873558","0.9573499783873558","0.9844749692082405","0.9844749692082405","0.9844749692082405"
"76","0.42709998778998853","0.42709998778998853","0.42709998778998853","0.5768749877810478","0.5768749877810478","0.5768749877810478","0.6677249848842621","0.6677249848842621","0.6677249848842621","0.7331749829649925","0.7331749829649925","0.7331749829649925","0.8035999804735183","0.8035999804735183","0.8035999804735183","0.8638999792933464","0.8638999792933464","0.8638999792933464","0.9167749808728695","0.9167749808728695","0.9167749808728695","0.9577999767661095","0.9577999767661095","0.9577999767661095","0.9837249690294265","0.9837249690294265","0.9837249690294265"
"77","0.4293749887496233","0.4293749887496233","0.4293749887496233","0.5739999859780073","0.5739999859780073","0.5739999859780073","0.6645999842882157","0.6645999842882157","0.6645999842882157","0.737199981957674","0.737199981957674","0.737199981957674","0.8098249796032906","0.8098249796032906","0.8098249796032906","0.8662749803066254","0.8662749803066254","0.8662749803066254","0.9170749826729298","0.9170749826729298","0.9170749826729298","0.9593999767303467","0.9593999767303467","0.9593999767303467","0.9844499668478965","0.9844499668478965","0.9844499668478965"
"78","0.43109998866915705","0.43109998866915705","0.43109998866915705","0.5740749865025282","0.5740749865025282","0.5740749865025282","0.6657749845087528","0.6657749845087528","0.6657749845087528","0.738874982893467","0.738874982893467","0.738874982893467","0.8079249781370162","0.8079249781370162","0.8079249781370162","0.865774979442358","0.865774979442358","0.865774979442358","0.9188749824464321","0.9188749824464321","0.9188749824464321","0.9587499776482582","0.9587499776482582","0.9587499776482582","0.9838749681413174","0.9838749681413174","0.9838749681413174"
"79","0.43214998856186865","0.43214998856186865","0.43214998856186865","0.5754499869048595","0.5754499869048595","0.5754499869048595","0.6674499845504761","0.6674499845504761","0.6674499845504761","0.7404749828577042","0.7404749828577042","0.7404749828577042","0.8088499800860882","0.8088499800860882","0.8088499800860882","0.8696249800920487","0.8696249800920487","0.8696249800920487","0.9173249812424182","0.9173249812424182","0.9173249812424182","0.9588749767839908","0.9588749767839908","0.9588749767839908","0.9821999680995941","0.9821999680995941","0.9821999680995941"
"80","0.4332499896734953","0.4332499896734953","0.4332499896734953","0.5759249866008759","0.5759249866008759","0.5759249866008759","0.66737498447299","0.66737498447299","0.66737498447299","0.744099982380867","0.744099982380867","0.744099982380867","0.8075249789655209","0.8075249789655209","0.8075249789655209","0.8713499785959721","0.8713499785959721","0.8713499785959721","0.9191499809920788","0.9191499809920788","0.9191499809920788","0.9597999764978886","0.9597999764978886","0.9597999764978886","0.9831749673187733","0.9831749673187733","0.9831749673187733"
"81","0.4333249878138304","0.4333249878138304","0.4333249878138304","0.5765999876707792","0.5765999876707792","0.5765999876707792","0.6668999835848808","0.6668999835848808","0.6668999835848808","0.7414249815046787","0.7414249815046787","0.7414249815046787","0.8081749783456326","0.8081749783456326","0.8081749783456326","0.8678249815106391","0.8678249815106391","0.8678249815106391","0.9180999805033206","0.9180999805033206","0.9180999805033206","0.9626249743998051","0.9626249743998051","0.9626249743998051","0.984449967443943","0.984449967443943","0.984449967443943"
"82","0.4328999883681536","0.4328999883681536","0.4328999883681536","0.5798999889940023","0.5798999889940023","0.5798999889940023","0.6655499836802483","0.6655499836802483","0.6655499836802483","0.73952498331666","0.73952498331666","0.73952498331666","0.8060749787092208","0.8060749787092208","0.8060749787092208","0.8681499807536602","0.8681499807536602","0.8681499807536602","0.9196749819815159","0.9196749819815159","0.9196749819815159","0.9629249745607376","0.9629249745607376","0.9629249745607376","0.9849749673902989","0.9849749673902989","0.9849749673902989"
"83","0.43342498809099195","0.43342498809099195","0.43342498809099195","0.5774749875068664","0.5774749875068664","0.5774749875068664","0.6670999850332737","0.6670999850332737","0.6670999850332737","0.7425249822437763","0.7425249822437763","0.7425249822437763","0.8085249797999858","0.8085249797999858","0.8085249797999858","0.8711249803006649","0.8711249803006649","0.8711249803006649","0.9184749822318554","0.9184749822318554","0.9184749822318554","0.9614499759674072","0.9614499759674072","0.9614499759674072","0.9835749667882919","0.9835749667882919","0.9835749667882919"
"84","0.43539998795837165","0.43539998795837165","0.43539998795837165","0.5813999873399734","0.5813999873399734","0.5813999873399734","0.6684749861061573","0.6684749861061573","0.6684749861061573","0.7410249817371368","0.7410249817371368","0.7410249817371368","0.8082749785482883","0.8082749785482883","0.8082749785482883","0.8692749790847302","0.8692749790847302","0.8692749790847302","0.921049981713295","0.921049981713295","0.921049981713295","0.9618999750912189","0.9618999750912189","0.9618999750912189","0.9838249671459198","0.9838249671459198","0.9838249671459198"
"85","0.4325749881565571","0.4325749881565571","0.4325749881565571","0.5793749873340129","0.5793749873340129","0.5793749873340129","0.6675999835133553","0.6675999835133553","0.6675999835133553","0.7453499801456929","0.7453499801456929","0.7453499801456929","0.8107249788939953","0.8107249788939953","0.8107249788939953","0.872749979943037","0.872749979943037","0.872749979943037","0.9205249828100205","0.9205249828100205","0.9205249828100205","0.9626249758899212","0.9626249758899212","0.9626249758899212","0.9821499654650688","0.9821499654650688","0.9821499654650688"
"86","0.43494998790323736","0.43494998790323736","0.43494998790323736","0.5842249868810176","0.5842249868810176","0.5842249868810176","0.6723749838769436","0.6723749838769436","0.6723749838769436","0.742524983137846","0.742524983137846","0.742524983137846","0.8096499787271023","0.8096499787271023","0.8096499787271023","0.8708999809622765","0.8708999809622765","0.8708999809622765","0.922549982368946","0.922549982368946","0.922549982368946","0.9605749757587909","0.9605749757587909","0.9605749757587909","0.9843999673426151","0.9843999673426151","0.9843999673426151"
"87","0.4377499897032976","0.4377499897032976","0.4377499897032976","0.5803999872505665","0.5803999872505665","0.5803999872505665","0.6692749850451947","0.6692749850451947","0.6692749850451947","0.7418249812722206","0.7418249812722206","0.7418249812722206","0.8106749784946442","0.8106749784946442","0.8106749784946442","0.8721249802410602","0.8721249802410602","0.8721249802410602","0.9204749821126461","0.9204749821126461","0.9204749821126461","0.9622249753773212","0.9622249753773212","0.9622249753773212","0.985799969136715","0.985799969136715","0.985799969136715"
"88","0.4393499881029129","0.4393499881029129","0.4393499881029129","0.5804249870032072","0.5804249870032072","0.5804249870032072","0.675399983972311","0.675399983972311","0.675399983972311","0.7428499819338321","0.7428499819338321","0.7428499819338321","0.8135999774932862","0.8135999774932862","0.8135999774932862","0.8739249803125858","0.8739249803125858","0.8739249803125858","0.9245499816536903","0.9245499816536903","0.9245499816536903","0.9615749755501747","0.9615749755501747","0.9615749755501747","0.9858999685943126","0.9858999685943126","0.9858999685943126"
"89","0.4369249887019396","0.4369249887019396","0.4369249887019396","0.5816749860346317","0.5816749860346317","0.5816749860346317","0.6705749846994877","0.6705749846994877","0.6705749846994877","0.7394999830424785","0.7394999830424785","0.7394999830424785","0.8157749788463116","0.8157749788463116","0.8157749788463116","0.8724499790370465","0.8724499790370465","0.8724499790370465","0.9229749821126461","0.9229749821126461","0.9229749821126461","0.9608999748528003","0.9608999748528003","0.9608999748528003","0.9860499688982963","0.9860499688982963","0.9860499688982963"
"90","0.43569998905062673","0.43569998905062673","0.43569998905062673","0.5845499856770039","0.5845499856770039","0.5845499856770039","0.6715499843657017","0.6715499843657017","0.6715499843657017","0.7444999805092811","0.7444999805092811","0.7444999805092811","0.8125249786674976","0.8125249786674976","0.8125249786674976","0.8761249804496765","0.8761249804496765","0.8761249804496765","0.9253249816596508","0.9253249816596508","0.9253249816596508","0.9641749753057957","0.9641749753057957","0.9641749753057957","0.9852749674022198","0.9852749674022198","0.9852749674022198"
"91","0.4338499888032675","0.4338499888032675","0.4338499888032675","0.5830499874800443","0.5830499874800443","0.5830499874800443","0.6727249825000763","0.6727249825000763","0.6727249825000763","0.7460749824345112","0.7460749824345112","0.7460749824345112","0.8154749783873558","0.8154749783873558","0.8154749783873558","0.8736499798297882","0.8736499798297882","0.8736499798297882","0.9224749813973904","0.9224749813973904","0.9224749813973904","0.9625999750196934","0.9625999750196934","0.9625999750196934","0.9844249677658081","0.9844249677658081","0.9844249677658081"
"92","0.43979998797178266","0.43979998797178266","0.43979998797178266","0.5837499870359898","0.5837499870359898","0.5837499870359898","0.6737249831855298","0.6737249831855298","0.6737249831855298","0.7461249832808972","0.7461249832808972","0.7461249832808972","0.8134249795973301","0.8134249795973301","0.8134249795973301","0.8767249801754952","0.8767249801754952","0.8767249801754952","0.9261499837040901","0.9261499837040901","0.9261499837040901","0.9643999741971493","0.9643999741971493","0.9643999741971493","0.9853999687731266","0.9853999687731266","0.9853999687731266"
"93","0.43977498888969424","0.43977498888969424","0.43977498888969424","0.5824499882757663","0.5824499882757663","0.5824499882757663","0.6726999841630459","0.6726999841630459","0.6726999841630459","0.7469499811530114","0.7469499811530114","0.7469499811530114","0.8174249793589116","0.8174249793589116","0.8174249793589116","0.8764999800920487","0.8764999800920487","0.8764999800920487","0.9270999836921692","0.9270999836921692","0.9270999836921692","0.9654249738156796","0.9654249738156796","0.9654249738156796","0.9842999665439129","0.9842999665439129","0.9842999665439129"
"94","0.4422499883919954","0.4422499883919954","0.4422499883919954","0.5788249877095223","0.5788249877095223","0.5788249877095223","0.6718999850749969","0.6718999850749969","0.6718999850749969","0.7475999803841114","0.7475999803841114","0.7475999803841114","0.8143999794125557","0.8143999794125557","0.8143999794125557","0.876474980711937","0.876474980711937","0.876474980711937","0.9254749819636345","0.9254749819636345","0.9254749819636345","0.9643999744951725","0.9643999744951725","0.9643999744951725","0.986124968379736","0.986124968379736","0.986124968379736"
"95","0.44157498866319655","0.44157498866319655","0.44157498866319655","0.584699986949563","0.584699986949563","0.584699986949563","0.6737249831855298","0.6737249831855298","0.6737249831855298","0.7476999826729298","0.7476999826729298","0.7476999826729298","0.8141749800741672","0.8141749800741672","0.8141749800741672","0.8759999790787697","0.8759999790787697","0.8759999790787697","0.9254499813914299","0.9254499813914299","0.9254499813914299","0.9633249749243259","0.9633249749243259","0.9633249749243259","0.9850249686837196","0.9850249686837196","0.9850249686837196"
"96","0.43877498880028726","0.43877498880028726","0.43877498880028726","0.5841499869525433","0.5841499869525433","0.5841499869525433","0.6768499839305878","0.6768499839305878","0.6768499839305878","0.7456749828159809","0.7456749828159809","0.7456749828159809","0.8171249788999557","0.8171249788999557","0.8171249788999557","0.8788749803602696","0.8788749803602696","0.8788749803602696","0.9278249825537205","0.9278249825537205","0.9278249825537205","0.9648999735713005","0.9648999735713005","0.9648999735713005","0.9847499668598175","0.9847499668598175","0.9847499668598175"
"97","0.44182498775422574","0.44182498775422574","0.44182498775422574","0.5852499870955944","0.5852499870955944","0.5852499870955944","0.674524984806776","0.674524984806776","0.674524984806776","0.7484999819099903","0.7484999819099903","0.7484999819099903","0.8141249787807464","0.8141249787807464","0.8141249787807464","0.8773999804258347","0.8773999804258347","0.8773999804258347","0.9270749831199646","0.9270749831199646","0.9270749831199646","0.9658249734342098","0.9658249734342098","0.9658249734342098","0.9839499686658383","0.9839499686658383","0.9839499686658383"
"98","0.44037498883903026","0.44037498883903026","0.44037498883903026","0.5868749886751174","0.5868749886751174","0.5868749886751174","0.6763999848067761","0.6763999848067761","0.6763999848067761","0.7468749804794789","0.7468749804794789","0.7468749804794789","0.8171249790489674","0.8171249790489674","0.8171249790489674","0.8759249787032605","0.8759249787032605","0.8759249787032605","0.9267249822616577","0.9267249822616577","0.9267249822616577","0.9641249741613865","0.9641249741613865","0.9641249741613865","0.9862499685585498","0.9862499685585498","0.9862499685585498"
"99","0.4448749878257513","0.4448749878257513","0.4448749878257513","0.5905249854922294","0.5905249854922294","0.5905249854922294","0.6745749820768833","0.6745749820768833","0.6745749820768833","0.7436749815940857","0.7436749815940857","0.7436749815940857","0.8163249778747559","0.8163249778747559","0.8163249778747559","0.8776499818265439","0.8776499818265439","0.8776499818265439","0.9294499838352204","0.9294499838352204","0.9294499838352204","0.966274973154068","0.966274973154068","0.966274973154068","0.9867499673366547","0.9867499673366547","0.9867499673366547"
"100","0.4390999887138605","0.4390999887138605","0.4390999887138605","0.5899749897420407","0.5899749897420407","0.5899749897420407","0.6734499836713076","0.6734499836713076","0.6734499836713076","0.7505499812960624","0.7505499812960624","0.7505499812960624","0.8154499790072441","0.8154499790072441","0.8154499790072441","0.880899979621172","0.880899979621172","0.880899979621172","0.9285999825596809","0.9285999825596809","0.9285999825596809","0.9667249731719494","0.9667249731719494","0.9667249731719494","0.9870249700546264","0.9870249700546264","0.9870249700546264"