"Step","cnn_dr_0.9 - val loss","cnn_dr_0.9 - val loss__MIN","cnn_dr_0.9 - val loss__MAX","cnn_dr_0.8 - val loss","cnn_dr_0.8 - val loss__MIN","cnn_dr_0.8 - val loss__MAX","cnn_dr_0.7 - val loss","cnn_dr_0.7 - val loss__MIN","cnn_dr_0.7 - val loss__MAX","cnn_dr_0.6 - val loss","cnn_dr_0.6 - val loss__MIN","cnn_dr_0.6 - val loss__MAX","cnn_dr_0.5 - val loss","cnn_dr_0.5 - val loss__MIN","cnn_dr_0.5 - val loss__MAX","cnn_dr_0.4 - val loss","cnn_dr_0.4 - val loss__MIN","cnn_dr_0.4 - val loss__MAX","cnn_dr_0.3 - val loss","cnn_dr_0.3 - val loss__MIN","cnn_dr_0.3 - val loss__MAX","cnn_dr_0.2 - val loss","cnn_dr_0.2 - val loss__MIN","cnn_dr_0.2 - val loss__MAX","cnn_dr_0.1 - val loss","cnn_dr_0.1 - val loss__MIN","cnn_dr_0.1 - val loss__MAX"
"1","2.1060145354270934","2.1060145354270934","2.1060145354270934","1.7587194657325744","1.7587194657325744","1.7587194657325744","1.5867120337486267","1.5867120337486267","1.5867120337486267","1.452100740671158","1.452100740671158","1.452100740671158","1.4753540503978728","1.4753540503978728","1.4753540503978728","1.3752922761440276","1.3752922761440276","1.3752922761440276","1.2837169724702835","1.2837169724702835","1.2837169724702835","1.1923396110534668","1.1923396110534668","1.1923396110534668","1.1863006687164306","1.1863006687164306","1.1863006687164306"
"2","2.0903049635887148","2.0903049635887148","2.0903049635887148","1.671677680015564","1.671677680015564","1.671677680015564","1.4548959052562713","1.4548959052562713","1.4548959052562713","1.30447776556015","1.30447776556015","1.30447776556015","1.2177084225416184","1.2177084225416184","1.2177084225416184","1.0975661677122117","1.0975661677122117","1.0975661677122117","1.0737588161230087","1.0737588161230087","1.0737588161230087","1.0057296711206436","1.0057296711206436","1.0057296711206436","0.9829474174976349","0.9829474174976349","0.9829474174976349"
"3","2.1357143330574035","2.1357143330574035","2.1357143330574035","1.614325921535492","1.614325921535492","1.614325921535492","1.3875108587741851","1.3875108587741851","1.3875108587741851","1.195339184999466","1.195339184999466","1.195339184999466","1.1180168884992598","1.1180168884992598","1.1180168884992598","1.0279228657484054","1.0279228657484054","1.0279228657484054","0.9904260528087616","0.9904260528087616","0.9904260528087616","0.9176179742813111","0.9176179742813111","0.9176179742813111","0.8786817246675491","0.8786817246675491","0.8786817246675491"
"4","2.0859605407714845","2.0859605407714845","2.0859605407714845","1.5753805720806122","1.5753805720806122","1.5753805720806122","1.3313975310325623","1.3313975310325623","1.3313975310325623","1.1416831505298615","1.1416831505298615","1.1416831505298615","1.0464744514226914","1.0464744514226914","1.0464744514226914","0.9702101653814316","0.9702101653814316","0.9702101653814316","0.922749610543251","0.922749610543251","0.922749610543251","0.8892956376075745","0.8892956376075745","0.8892956376075745","0.850669401884079","0.850669401884079","0.850669401884079"
"5","2.0848983097076417","2.0848983097076417","2.0848983097076417","1.5586574113368987","1.5586574113368987","1.5586574113368987","1.2747311294078827","1.2747311294078827","1.2747311294078827","1.1075015580654144","1.1075015580654144","1.1075015580654144","1.0064076632261276","1.0064076632261276","1.0064076632261276","0.9302596187591553","0.9302596187591553","0.9302596187591553","0.8847542297840119","0.8847542297840119","0.8847542297840119","0.852662188410759","0.852662188410759","0.852662188410759","0.7894563579559326","0.7894563579559326","0.7894563579559326"
"6","2.0679587996006012","2.0679587996006012","2.0679587996006012","1.5406708717346191","1.5406708717346191","1.5406708717346191","1.2269527983665467","1.2269527983665467","1.2269527983665467","1.0676427870988845","1.0676427870988845","1.0676427870988845","0.9570819932222366","0.9570819932222366","0.9570819932222366","0.8874020421504974","0.8874020421504974","0.8874020421504974","0.8305489498376847","0.8305489498376847","0.8305489498376847","0.8111032551527023","0.8111032551527023","0.8111032551527023","0.8022495186328888","0.8022495186328888","0.8022495186328888"
"7","2.0413563418388367","2.0413563418388367","2.0413563418388367","1.487045509815216","1.487045509815216","1.487045509815216","1.2034148252010346","1.2034148252010346","1.2034148252010346","1.0454449355602264","1.0454449355602264","1.0454449355602264","0.9354467386007309","0.9354467386007309","0.9354467386007309","0.8603746569156647","0.8603746569156647","0.8603746569156647","0.828425778746605","0.828425778746605","0.828425778746605","0.7705516949295997","0.7705516949295997","0.7705516949295997","0.7481900814175606","0.7481900814175606","0.7481900814175606"
"8","2.0524423050880434","2.0524423050880434","2.0524423050880434","1.443244388103485","1.443244388103485","1.443244388103485","1.1840569519996642","1.1840569519996642","1.1840569519996642","0.9938373196125031","0.9938373196125031","0.9938373196125031","0.9144443929195404","0.9144443929195404","0.9144443929195404","0.8382895141839981","0.8382895141839981","0.8382895141839981","0.8111054569482803","0.8111054569482803","0.8111054569482803","0.7655927258729934","0.7655927258729934","0.7655927258729934","0.7330263850092887","0.7330263850092887","0.7330263850092887"
"9","1.9924299347400665","1.9924299347400665","1.9924299347400665","1.4343058693408965","1.4343058693408965","1.4343058693408965","1.1439440089464188","1.1439440089464188","1.1439440089464188","0.9752212244272233","0.9752212244272233","0.9752212244272233","0.8884273463487625","0.8884273463487625","0.8884273463487625","0.814056014418602","0.814056014418602","0.814056014418602","0.8257551687955856","0.8257551687955856","0.8257551687955856","0.7479800176620484","0.7479800176620484","0.7479800176620484","0.7293479558825493","0.7293479558825493","0.7293479558825493"
"10","1.997286616563797","1.997286616563797","1.997286616563797","1.4234474194049835","1.4234474194049835","1.4234474194049835","1.1327586632966995","1.1327586632966995","1.1327586632966995","0.9622406941652298","0.9622406941652298","0.9622406941652298","0.8801725190877915","0.8801725190877915","0.8801725190877915","0.8314369940757751","0.8314369940757751","0.8314369940757751","0.7681698662042618","0.7681698662042618","0.7681698662042618","0.7438323071599007","0.7438323071599007","0.7438323071599007","0.7325526478886605","0.7325526478886605","0.7325526478886605"
"11","1.9662790811061859","1.9662790811061859","1.9662790811061859","1.4061099326610564","1.4061099326610564","1.4061099326610564","1.1231994450092315","1.1231994450092315","1.1231994450092315","0.9722778642177582","0.9722778642177582","0.9722778642177582","0.863212240934372","0.863212240934372","0.863212240934372","0.7991752690076828","0.7991752690076828","0.7991752690076828","0.7670139825344086","0.7670139825344086","0.7670139825344086","0.7409662160277367","0.7409662160277367","0.7409662160277367","0.7252771350741386","0.7252771350741386","0.7252771350741386"
"12","1.9620203900337219","1.9620203900337219","1.9620203900337219","1.3784857511520385","1.3784857511520385","1.3784857511520385","1.1207714700698852","1.1207714700698852","1.1207714700698852","0.9514467817544937","0.9514467817544937","0.9514467817544937","0.8464097905158997","0.8464097905158997","0.8464097905158997","0.7837243974208832","0.7837243974208832","0.7837243974208832","0.7628382557630539","0.7628382557630539","0.7628382557630539","0.7327558493614197","0.7327558493614197","0.7327558493614197","0.722694918513298","0.722694918513298","0.722694918513298"
"13","1.938845465183258","1.938845465183258","1.938845465183258","1.377382172346115","1.377382172346115","1.377382172346115","1.1022254395484925","1.1022254395484925","1.1022254395484925","0.9477438932657242","0.9477438932657242","0.9477438932657242","0.8299386465549469","0.8299386465549469","0.8299386465549469","0.77163878262043","0.77163878262043","0.77163878262043","0.7458702230453491","0.7458702230453491","0.7458702230453491","0.7277118080854416","0.7277118080854416","0.7277118080854416","0.7478346249461174","0.7478346249461174","0.7478346249461174"
"14","1.9170674121379851","1.9170674121379851","1.9170674121379851","1.353647164106369","1.353647164106369","1.353647164106369","1.080498531460762","1.080498531460762","1.080498531460762","0.9303143215179444","0.9303143215179444","0.9303143215179444","0.851562865972519","0.851562865972519","0.851562865972519","0.7811150485277176","0.7811150485277176","0.7811150485277176","0.7451240545511246","0.7451240545511246","0.7451240545511246","0.7289605447649956","0.7289605447649956","0.7289605447649956","0.7985312762856484","0.7985312762856484","0.7985312762856484"
"15","1.9302110373973846","1.9302110373973846","1.9302110373973846","1.331872490644455","1.331872490644455","1.331872490644455","1.0518772065639497","1.0518772065639497","1.0518772065639497","0.9204834121465683","0.9204834121465683","0.9204834121465683","0.8213307005167008","0.8213307005167008","0.8213307005167008","0.783860890865326","0.783860890865326","0.783860890865326","0.7366878122091294","0.7366878122091294","0.7366878122091294","0.7514169704914093","0.7514169704914093","0.7514169704914093","0.7608739653229714","0.7608739653229714","0.7608739653229714"
"16","1.8597277629375457","1.8597277629375457","1.8597277629375457","1.3098610663414","1.3098610663414","1.3098610663414","1.0548913210630417","1.0548913210630417","1.0548913210630417","0.8837710297107697","0.8837710297107697","0.8837710297107697","0.81169289290905","0.81169289290905","0.81169289290905","0.7691284519433975","0.7691284519433975","0.7691284519433975","0.7446235096454621","0.7446235096454621","0.7446235096454621","0.7355247518420219","0.7355247518420219","0.7355247518420219","0.8213868886232376","0.8213868886232376","0.8213868886232376"
"17","1.8794607961177825","1.8794607961177825","1.8794607961177825","1.3055351877212524","1.3055351877212524","1.3055351877212524","1.032593622803688","1.032593622803688","1.032593622803688","0.891271864771843","0.891271864771843","0.891271864771843","0.8153939092159271","0.8153939092159271","0.8153939092159271","0.7576517915725708","0.7576517915725708","0.7576517915725708","0.7204063755273818","0.7204063755273818","0.7204063755273818","0.7603235292434692","0.7603235292434692","0.7603235292434692","0.8085180354118348","0.8085180354118348","0.8085180354118348"
"18","1.8283854949474334","1.8283854949474334","1.8283854949474334","1.3095702123641968","1.3095702123641968","1.3095702123641968","1.0445292866230012","1.0445292866230012","1.0445292866230012","0.8858862167596817","0.8858862167596817","0.8858862167596817","0.805291331410408","0.805291331410408","0.805291331410408","0.7489410066604614","0.7489410066604614","0.7489410066604614","0.7354239618778229","0.7354239618778229","0.7354239618778229","0.7647723853588104","0.7647723853588104","0.7647723853588104","0.8558154386281968","0.8558154386281968","0.8558154386281968"
"19","1.8441705334186553","1.8441705334186553","1.8441705334186553","1.2885678935050964","1.2885678935050964","1.2885678935050964","1.0317549061775209","1.0317549061775209","1.0317549061775209","0.8768843257427216","0.8768843257427216","0.8768843257427216","0.7846013224124908","0.7846013224124908","0.7846013224124908","0.7470249533653259","0.7470249533653259","0.7470249533653259","0.7453939926624298","0.7453939926624298","0.7453939926624298","0.7684406512975692","0.7684406512975692","0.7684406512975692","0.8168050527572632","0.8168050527572632","0.8168050527572632"
"20","1.852054090499878","1.852054090499878","1.852054090499878","1.2786531555652618","1.2786531555652618","1.2786531555652618","1.0087492114305496","1.0087492114305496","1.0087492114305496","0.8716747272014618","0.8716747272014618","0.8716747272014618","0.7929277163743973","0.7929277163743973","0.7929277163743973","0.75697281062603","0.75697281062603","0.75697281062603","0.743591725230217","0.743591725230217","0.743591725230217","0.773646821975708","0.773646821975708","0.773646821975708","0.8829514396190643","0.8829514396190643","0.8829514396190643"
"21","1.8149316716194153","1.8149316716194153","1.8149316716194153","1.2546593821048737","1.2546593821048737","1.2546593821048737","1.014570887684822","1.014570887684822","1.014570887684822","0.8677527064085007","0.8677527064085007","0.8677527064085007","0.7848281055688858","0.7848281055688858","0.7848281055688858","0.7495094829797745","0.7495094829797745","0.7495094829797745","0.7362242060899734","0.7362242060899734","0.7362242060899734","0.7911686545610428","0.7911686545610428","0.7911686545610428","0.9173143655061722","0.9173143655061722","0.9173143655061722"
"22","1.8360283970832825","1.8360283970832825","1.8360283970832825","1.2591250586509704","1.2591250586509704","1.2591250586509704","1.00425452709198","1.00425452709198","1.00425452709198","0.8650989907979966","0.8650989907979966","0.8650989907979966","0.7726557773351669","0.7726557773351669","0.7726557773351669","0.7535844057798385","0.7535844057798385","0.7535844057798385","0.7318432492017746","0.7318432492017746","0.7318432492017746","0.7796959280967712","0.7796959280967712","0.7796959280967712","0.8725672554969788","0.8725672554969788","0.8725672554969788"
"23","1.8278925073146821","1.8278925073146821","1.8278925073146821","1.2253975665569306","1.2253975665569306","1.2253975665569306","1.009456833600998","1.009456833600998","1.009456833600998","0.8769376307725907","0.8769376307725907","0.8769376307725907","0.7775522291660308","0.7775522291660308","0.7775522291660308","0.7492265349626541","0.7492265349626541","0.7492265349626541","0.7417160272598267","0.7417160272598267","0.7417160272598267","0.7965876924991607","0.7965876924991607","0.7965876924991607","0.926583046913147","0.926583046913147","0.926583046913147"
"24","1.825298819541931","1.825298819541931","1.825298819541931","1.2353367042541503","1.2353367042541503","1.2353367042541503","0.9849972778558731","0.9849972778558731","0.9849972778558731","0.8643569874763489","0.8643569874763489","0.8643569874763489","0.7764899802207946","0.7764899802207946","0.7764899802207946","0.7478976237773896","0.7478976237773896","0.7478976237773896","0.7404442691802978","0.7404442691802978","0.7404442691802978","0.8201579815149307","0.8201579815149307","0.8201579815149307","0.9103560283780098","0.9103560283780098","0.9103560283780098"
"25","1.7976774775981903","1.7976774775981903","1.7976774775981903","1.2257463335990906","1.2257463335990906","1.2257463335990906","1.0031085324287414","1.0031085324287414","1.0031085324287414","0.8648455762863159","0.8648455762863159","0.8648455762863159","0.7689043712615967","0.7689043712615967","0.7689043712615967","0.7526967972517014","0.7526967972517014","0.7526967972517014","0.7500644278526306","0.7500644278526306","0.7500644278526306","0.8167472487688064","0.8167472487688064","0.8167472487688064","0.9530815893411636","0.9530815893411636","0.9530815893411636"
"26","1.804320594072342","1.804320594072342","1.804320594072342","1.207575945854187","1.207575945854187","1.207575945854187","0.9877501136064529","0.9877501136064529","0.9877501136064529","0.8543665480613708","0.8543665480613708","0.8543665480613708","0.7648296242952347","0.7648296242952347","0.7648296242952347","0.7500618439912796","0.7500618439912796","0.7500618439912796","0.7481631511449813","0.7481631511449813","0.7481631511449813","0.8192622321844101","0.8192622321844101","0.8192622321844101","0.9818505537509918","0.9818505537509918","0.9818505537509918"
"27","1.7808423447608948","1.7808423447608948","1.7808423447608948","1.2211324262619019","1.2211324262619019","1.2211324262619019","0.9767802828550338","0.9767802828550338","0.9767802828550338","0.8373316556215287","0.8373316556215287","0.8373316556215287","0.7684110969305038","0.7684110969305038","0.7684110969305038","0.7515015095472336","0.7515015095472336","0.7515015095472336","0.7559868359565735","0.7559868359565735","0.7559868359565735","0.8410261395573616","0.8410261395573616","0.8410261395573616","0.9799701923131943","0.9799701923131943","0.9799701923131943"
"28","1.7871535480022431","1.7871535480022431","1.7871535480022431","1.2348319911956787","1.2348319911956787","1.2348319911956787","0.9694700735807419","0.9694700735807419","0.9694700735807419","0.8435675764083862","0.8435675764083862","0.8435675764083862","0.7642007505893708","0.7642007505893708","0.7642007505893708","0.750866767168045","0.750866767168045","0.750866767168045","0.7621505105495453","0.7621505105495453","0.7621505105495453","0.8332872876524925","0.8332872876524925","0.8332872876524925","0.9941444635391236","0.9941444635391236","0.9941444635391236"
"29","1.74679092168808","1.74679092168808","1.74679092168808","1.1931468391418456","1.1931468391418456","1.1931468391418456","0.9772009468078613","0.9772009468078613","0.9772009468078613","0.838409805893898","0.838409805893898","0.838409805893898","0.7716961699724197","0.7716961699724197","0.7716961699724197","0.7438194215297699","0.7438194215297699","0.7438194215297699","0.7553256577253342","0.7553256577253342","0.7553256577253342","0.8369074469804764","0.8369074469804764","0.8369074469804764","1.0045977920293807","1.0045977920293807","1.0045977920293807"
"30","1.752243082523346","1.752243082523346","1.752243082523346","1.2022144067287446","1.2022144067287446","1.2022144067287446","0.9595629358291626","0.9595629358291626","0.9595629358291626","0.8385636109113693","0.8385636109113693","0.8385636109113693","0.7596127450466156","0.7596127450466156","0.7596127450466156","0.7592270559072495","0.7592270559072495","0.7592270559072495","0.77131427526474","0.77131427526474","0.77131427526474","0.8571595162153244","0.8571595162153244","0.8571595162153244","1.0139469748735428","1.0139469748735428","1.0139469748735428"
"31","1.7370298075675965","1.7370298075675965","1.7370298075675965","1.1981922519207","1.1981922519207","1.1981922519207","0.9651639980077743","0.9651639980077743","0.9651639980077743","0.8397036421298981","0.8397036421298981","0.8397036421298981","0.750270836353302","0.750270836353302","0.750270836353302","0.7431202673912048","0.7431202673912048","0.7431202673912048","0.7726158133149147","0.7726158133149147","0.7726158133149147","0.8757912600040436","0.8757912600040436","0.8757912600040436","1.0189530578255654","1.0189530578255654","1.0189530578255654"
"32","1.7275547575950623","1.7275547575950623","1.7275547575950623","1.1864432621002197","1.1864432621002197","1.1864432621002197","0.945551478266716","0.945551478266716","0.945551478266716","0.8329157662391663","0.8329157662391663","0.8329157662391663","0.7681754493713379","0.7681754493713379","0.7681754493713379","0.7529534494876862","0.7529534494876862","0.7529534494876862","0.7628217649459839","0.7628217649459839","0.7628217649459839","0.872045505642891","0.872045505642891","0.872045505642891","1.0478904569149017","1.0478904569149017","1.0478904569149017"
"33","1.7143247497081757","1.7143247497081757","1.7143247497081757","1.1782656264305116","1.1782656264305116","1.1782656264305116","0.9396446388959885","0.9396446388959885","0.9396446388959885","0.8268991106748581","0.8268991106748581","0.8268991106748581","0.749192111492157","0.749192111492157","0.749192111492157","0.7573001620173454","0.7573001620173454","0.7573001620173454","0.7906977507472038","0.7906977507472038","0.7906977507472038","0.8879649469256401","0.8879649469256401","0.8879649469256401","1.062744397521019","1.062744397521019","1.062744397521019"
"34","1.725401462316513","1.725401462316513","1.725401462316513","1.17344722032547","1.17344722032547","1.17344722032547","0.9471003049612046","0.9471003049612046","0.9471003049612046","0.827502925992012","0.827502925992012","0.827502925992012","0.7574992042779922","0.7574992042779922","0.7574992042779922","0.7510527157783509","0.7510527157783509","0.7510527157783509","0.7850928896665573","0.7850928896665573","0.7850928896665573","0.9114950984716416","0.9114950984716416","0.9114950984716416","1.1140498024225236","1.1140498024225236","1.1140498024225236"
"35","1.7199639320373534","1.7199639320373534","1.7199639320373534","1.1777103960514068","1.1777103960514068","1.1777103960514068","0.9454881936311722","0.9454881936311722","0.9454881936311722","0.82881971180439","0.82881971180439","0.82881971180439","0.7589493858814239","0.7589493858814239","0.7589493858814239","0.7549264183640481","0.7549264183640481","0.7549264183640481","0.785124445259571","0.785124445259571","0.785124445259571","0.9125519052147866","0.9125519052147866","0.9125519052147866","1.09360320687294","1.09360320687294","1.09360320687294"
"36","1.6975496578216553","1.6975496578216553","1.6975496578216553","1.1668178510665894","1.1668178510665894","1.1668178510665894","0.9296531575918198","0.9296531575918198","0.9296531575918198","0.8223420768976212","0.8223420768976212","0.8223420768976212","0.7537039941549302","0.7537039941549302","0.7537039941549302","0.7669514426589013","0.7669514426589013","0.7669514426589013","0.791060225367546","0.791060225367546","0.791060225367546","0.9422633522748947","0.9422633522748947","0.9422633522748947","1.15251446723938","1.15251446723938","1.15251446723938"
"37","1.7069324195384978","1.7069324195384978","1.7069324195384978","1.1522538191080094","1.1522538191080094","1.1522538191080094","0.9488895630836487","0.9488895630836487","0.9488895630836487","0.816857283115387","0.816857283115387","0.816857283115387","0.7506705802679062","0.7506705802679062","0.7506705802679062","0.7446299934387207","0.7446299934387207","0.7446299934387207","0.7810646665096282","0.7810646665096282","0.7810646665096282","0.910748342871666","0.910748342871666","0.910748342871666","1.0867939400672912","1.0867939400672912","1.0867939400672912"
"38","1.7175721061229705","1.7175721061229705","1.7175721061229705","1.1485688608884812","1.1485688608884812","1.1485688608884812","0.9213890725374222","0.9213890725374222","0.9213890725374222","0.8181592530012131","0.8181592530012131","0.8181592530012131","0.7540941733121872","0.7540941733121872","0.7540941733121872","0.7732635849714279","0.7732635849714279","0.7732635849714279","0.7917429369688034","0.7917429369688034","0.7917429369688034","0.941438905596733","0.941438905596733","0.941438905596733","1.1099911212921143","1.1099911212921143","1.1099911212921143"
"39","1.711810258626938","1.711810258626938","1.711810258626938","1.158881717324257","1.158881717324257","1.158881717324257","0.9155022203922272","0.9155022203922272","0.9155022203922272","0.812872759103775","0.812872759103775","0.812872759103775","0.7486487528681756","0.7486487528681756","0.7486487528681756","0.7512831193208694","0.7512831193208694","0.7512831193208694","0.7922566068172455","0.7922566068172455","0.7922566068172455","0.9396352624893188","0.9396352624893188","0.9396352624893188","1.1050293081998825","1.1050293081998825","1.1050293081998825"
"40","1.7343424570560455","1.7343424570560455","1.7343424570560455","1.145000272989273","1.145000272989273","1.145000272989273","0.9323781311511994","0.9323781311511994","0.9323781311511994","0.8256556636095047","0.8256556636095047","0.8256556636095047","0.7566203925013543","0.7566203925013543","0.7566203925013543","0.7560078203678131","0.7560078203678131","0.7560078203678131","0.8178502970933914","0.8178502970933914","0.8178502970933914","0.9588243770599365","0.9588243770599365","0.9588243770599365","1.136646086871624","1.136646086871624","1.136646086871624"
"41","1.6770021116733551","1.6770021116733551","1.6770021116733551","1.1447391569614411","1.1447391569614411","1.1447391569614411","0.9294182127714157","0.9294182127714157","0.9294182127714157","0.819081820845604","0.819081820845604","0.819081820845604","0.7463052415847778","0.7463052415847778","0.7463052415847778","0.7541090235114097","0.7541090235114097","0.7541090235114097","0.7970189198851585","0.7970189198851585","0.7970189198851585","0.9715184235572815","0.9715184235572815","0.9715184235572815","1.1242175638675689","1.1242175638675689","1.1242175638675689"
"42","1.6776250970363618","1.6776250970363618","1.6776250970363618","1.1438619083166122","1.1438619083166122","1.1438619083166122","0.9186735582351685","0.9186735582351685","0.9186735582351685","0.817594045996666","0.817594045996666","0.817594045996666","0.7423343163728714","0.7423343163728714","0.7423343163728714","0.7574234300851822","0.7574234300851822","0.7574234300851822","0.8131526041030884","0.8131526041030884","0.8131526041030884","0.9643880528211594","0.9643880528211594","0.9643880528211594","1.1472965323925017","1.1472965323925017","1.1472965323925017"
"43","1.6593700444698334","1.6593700444698334","1.6593700444698334","1.1445642256736754","1.1445642256736754","1.1445642256736754","0.9148527628183365","0.9148527628183365","0.9148527628183365","0.8075523948669434","0.8075523948669434","0.8075523948669434","0.7518940338492394","0.7518940338492394","0.7518940338492394","0.7682615295052528","0.7682615295052528","0.7682615295052528","0.8244945776462554","0.8244945776462554","0.8244945776462554","0.9828943768143654","0.9828943768143654","0.9828943768143654","1.1906593042612075","1.1906593042612075","1.1906593042612075"
"44","1.673144246339798","1.673144246339798","1.673144246339798","1.1275831615924836","1.1275831615924836","1.1275831615924836","0.925945652127266","0.925945652127266","0.925945652127266","0.8105308002233506","0.8105308002233506","0.8105308002233506","0.7442260921001435","0.7442260921001435","0.7442260921001435","0.7665397757291794","0.7665397757291794","0.7665397757291794","0.8353659343719483","0.8353659343719483","0.8353659343719483","0.968412512242794","0.968412512242794","0.968412512242794","1.1977926045656204","1.1977926045656204","1.1977926045656204"
"45","1.6818413209915162","1.6818413209915162","1.6818413209915162","1.1203213602304458","1.1203213602304458","1.1203213602304458","0.9145272374153137","0.9145272374153137","0.9145272374153137","0.8084097927808762","0.8084097927808762","0.8084097927808762","0.7486563634872436","0.7486563634872436","0.7486563634872436","0.7636990705132485","0.7636990705132485","0.7636990705132485","0.815931094288826","0.815931094288826","0.815931094288826","0.9996052199602127","0.9996052199602127","0.9996052199602127","1.184295679330826","1.184295679330826","1.184295679330826"
"46","1.6642066395282746","1.6642066395282746","1.6642066395282746","1.1302072072029115","1.1302072072029115","1.1302072072029115","0.9211294364929199","0.9211294364929199","0.9211294364929199","0.8138185143470764","0.8138185143470764","0.8138185143470764","0.7695861148834229","0.7695861148834229","0.7695861148834229","0.7687705540657044","0.7687705540657044","0.7687705540657044","0.8458726072311401","0.8458726072311401","0.8458726072311401","0.9837180942296981","0.9837180942296981","0.9837180942296981","1.2631002634763717","1.2631002634763717","1.2631002634763717"
"47","1.648074234724045","1.648074234724045","1.648074234724045","1.1220671784877778","1.1220671784877778","1.1220671784877778","0.915619261264801","0.915619261264801","0.915619261264801","0.8120372277498246","0.8120372277498246","0.8120372277498246","0.7457709097862244","0.7457709097862244","0.7457709097862244","0.7685228058695793","0.7685228058695793","0.7685228058695793","0.8543082100152969","0.8543082100152969","0.8543082100152969","0.9926865726709366","0.9926865726709366","0.9926865726709366","1.2324037528038025","1.2324037528038025","1.2324037528038025"
"48","1.6653127765655518","1.6653127765655518","1.6653127765655518","1.1185262578725814","1.1185262578725814","1.1185262578725814","0.9174939656257629","0.9174939656257629","0.9174939656257629","0.7996580213308334","0.7996580213308334","0.7996580213308334","0.7588124811649323","0.7588124811649323","0.7588124811649323","0.7870441740751266","0.7870441740751266","0.7870441740751266","0.8463150048255921","0.8463150048255921","0.8463150048255921","1.0219701603055","1.0219701603055","1.0219701603055","1.2305734395980834","1.2305734395980834","1.2305734395980834"
"49","1.6436953592300414","1.6436953592300414","1.6436953592300414","1.1150434350967406","1.1150434350967406","1.1150434350967406","0.9065024036169053","0.9065024036169053","0.9065024036169053","0.8001972484588623","0.8001972484588623","0.8001972484588623","0.7426237189769744","0.7426237189769744","0.7426237189769744","0.7743364429473877","0.7743364429473877","0.7743364429473877","0.8298262551426887","0.8298262551426887","0.8298262551426887","1.012512844800949","1.012512844800949","1.012512844800949","1.2769039034843446","1.2769039034843446","1.2769039034843446"
"50","1.6323707950115205","1.6323707950115205","1.6323707950115205","1.0999405032396317","1.0999405032396317","1.0999405032396317","0.8952763175964356","0.8952763175964356","0.8952763175964356","0.80210558116436","0.80210558116436","0.80210558116436","0.743080735206604","0.743080735206604","0.743080735206604","0.7653461116552353","0.7653461116552353","0.7653461116552353","0.8267273199558258","0.8267273199558258","0.8267273199558258","1.047927162051201","1.047927162051201","1.047927162051201","1.2812132322788239","1.2812132322788239","1.2812132322788239"
"51","1.652948944568634","1.652948944568634","1.652948944568634","1.1160964113473892","1.1160964113473892","1.1160964113473892","0.8982817262411118","0.8982817262411118","0.8982817262411118","0.7948453265428543","0.7948453265428543","0.7948453265428543","0.7351998651027679","0.7351998651027679","0.7351998651027679","0.7689854037761689","0.7689854037761689","0.7689854037761689","0.8377289718389511","0.8377289718389511","0.8377289718389511","1.0258329689502717","1.0258329689502717","1.0258329689502717","1.3038561296463014","1.3038561296463014","1.3038561296463014"
"52","1.6115130400657653","1.6115130400657653","1.6115130400657653","1.0903608572483063","1.0903608572483063","1.0903608572483063","0.8962693059444428","0.8962693059444428","0.8962693059444428","0.8090711855888366","0.8090711855888366","0.8090711855888366","0.7380103486776352","0.7380103486776352","0.7380103486776352","0.76951455026865","0.76951455026865","0.76951455026865","0.8495705831050873","0.8495705831050873","0.8495705831050873","1.0253075939416885","1.0253075939416885","1.0253075939416885","1.2560391587018966","1.2560391587018966","1.2560391587018966"
"53","1.6294621515274048","1.6294621515274048","1.6294621515274048","1.0806934010982514","1.0806934010982514","1.0806934010982514","0.8999959588050842","0.8999959588050842","0.8999959588050842","0.8115164363384246","0.8115164363384246","0.8115164363384246","0.7406358969211578","0.7406358969211578","0.7406358969211578","0.7709132200479507","0.7709132200479507","0.7709132200479507","0.8453574711084366","0.8453574711084366","0.8453574711084366","1.0301024931669236","1.0301024931669236","1.0301024931669236","1.3037986165285111","1.3037986165285111","1.3037986165285111"
"54","1.6353475642204285","1.6353475642204285","1.6353475642204285","1.1146075963973998","1.1146075963973998","1.1146075963973998","0.9034425240755081","0.9034425240755081","0.9034425240755081","0.7986828738451004","0.7986828738451004","0.7986828738451004","0.7400983846187592","0.7400983846187592","0.7400983846187592","0.7852060008049011","0.7852060008049011","0.7852060008049011","0.8534302777051925","0.8534302777051925","0.8534302777051925","1.048933591246605","1.048933591246605","1.048933591246605","1.2699020466208457","1.2699020466208457","1.2699020466208457"
"55","1.6102217257022857","1.6102217257022857","1.6102217257022857","1.0851191520690917","1.0851191520690917","1.0851191520690917","0.8978840506076813","0.8978840506076813","0.8978840506076813","0.7918871653079986","0.7918871653079986","0.7918871653079986","0.7381317365169525","0.7381317365169525","0.7381317365169525","0.787018980383873","0.787018980383873","0.787018980383873","0.8770194137096405","0.8770194137096405","0.8770194137096405","1.0393475094437599","1.0393475094437599","1.0393475094437599","1.2937027019262315","1.2937027019262315","1.2937027019262315"
"56","1.599909155368805","1.599909155368805","1.599909155368805","1.069763280749321","1.069763280749321","1.069763280749321","0.9098643785715104","0.9098643785715104","0.9098643785715104","0.8032816511392593","0.8032816511392593","0.8032816511392593","0.7567494201660157","0.7567494201660157","0.7567494201660157","0.7884970533847809","0.7884970533847809","0.7884970533847809","0.8724561920762062","0.8724561920762062","0.8724561920762062","1.0682802563905716","1.0682802563905716","1.0682802563905716","1.302048824429512","1.302048824429512","1.302048824429512"
"57","1.6424569749832154","1.6424569749832154","1.6424569749832154","1.0887190461158753","1.0887190461158753","1.0887190461158753","0.9013784825801849","0.9013784825801849","0.9013784825801849","0.801470291018486","0.801470291018486","0.801470291018486","0.7427218502759934","0.7427218502759934","0.7427218502759934","0.7861054956912994","0.7861054956912994","0.7861054956912994","0.8586638706922531","0.8586638706922531","0.8586638706922531","1.0381171610951423","1.0381171610951423","1.0381171610951423","1.3505846893787383","1.3505846893787383","1.3505846893787383"
"58","1.597138773202896","1.597138773202896","1.597138773202896","1.0922145557403564","1.0922145557403564","1.0922145557403564","0.8858210122585297","0.8858210122585297","0.8858210122585297","0.8076714491844177","0.8076714491844177","0.8076714491844177","0.7455860757827759","0.7455860757827759","0.7455860757827759","0.7829638820886612","0.7829638820886612","0.7829638820886612","0.9023888316750527","0.9023888316750527","0.9023888316750527","1.1087156236171722","1.1087156236171722","1.1087156236171722","1.3502878779172898","1.3502878779172898","1.3502878779172898"
"59","1.6051286935806275","1.6051286935806275","1.6051286935806275","1.1009928196668626","1.1009928196668626","1.1009928196668626","0.8858146554231644","0.8858146554231644","0.8858146554231644","0.7937760186195374","0.7937760186195374","0.7937760186195374","0.7406722560524941","0.7406722560524941","0.7406722560524941","0.785439704656601","0.785439704656601","0.785439704656601","0.8726263999938965","0.8726263999938965","0.8726263999938965","1.0747920727729798","1.0747920727729798","1.0747920727729798","1.3248490977287293","1.3248490977287293","1.3248490977287293"
"60","1.6031308555603028","1.6031308555603028","1.6031308555603028","1.0955801850557327","1.0955801850557327","1.0955801850557327","0.892023453116417","0.892023453116417","0.892023453116417","0.8032230818271637","0.8032230818271637","0.8032230818271637","0.7335210812091827","0.7335210812091827","0.7335210812091827","0.8005012941360473","0.8005012941360473","0.8005012941360473","0.897997008562088","0.897997008562088","0.897997008562088","1.0877418276667594","1.0877418276667594","1.0877418276667594","1.3329216480255126","1.3329216480255126","1.3329216480255126"
"61","1.601794595718384","1.601794595718384","1.601794595718384","1.0885563212633134","1.0885563212633134","1.0885563212633134","0.8839857345819473","0.8839857345819473","0.8839857345819473","0.8025422006845474","0.8025422006845474","0.8025422006845474","0.7456074619293213","0.7456074619293213","0.7456074619293213","0.7827305489778519","0.7827305489778519","0.7827305489778519","0.8734523034095765","0.8734523034095765","0.8734523034095765","1.08030230820179","1.08030230820179","1.08030230820179","1.3209671920537949","1.3209671920537949","1.3209671920537949"
"62","1.5893161880970001","1.5893161880970001","1.5893161880970001","1.075250792503357","1.075250792503357","1.075250792503357","0.8884817796945572","0.8884817796945572","0.8884817796945572","0.7987654334306717","0.7987654334306717","0.7987654334306717","0.748923945426941","0.748923945426941","0.748923945426941","0.7836811879277229","0.7836811879277229","0.7836811879277229","0.8684004697203637","0.8684004697203637","0.8684004697203637","1.0849091202020644","1.0849091202020644","1.0849091202020644","1.3517800068855286","1.3517800068855286","1.3517800068855286"
"63","1.5920694196224212","1.5920694196224212","1.5920694196224212","1.0847046732902528","1.0847046732902528","1.0847046732902528","0.8920669680833817","0.8920669680833817","0.8920669680833817","0.7924344766139985","0.7924344766139985","0.7924344766139985","0.7355840891599655","0.7355840891599655","0.7355840891599655","0.7881900131702423","0.7881900131702423","0.7881900131702423","0.9046939209103584","0.9046939209103584","0.9046939209103584","1.1016288235783578","1.1016288235783578","1.1016288235783578","1.3696890699863433","1.3696890699863433","1.3696890699863433"
"64","1.6156086564064025","1.6156086564064025","1.6156086564064025","1.0685087621212006","1.0685087621212006","1.0685087621212006","0.8772551554441452","0.8772551554441452","0.8772551554441452","0.8014998066425324","0.8014998066425324","0.8014998066425324","0.7485475552082062","0.7485475552082062","0.7485475552082062","0.7923113107681274","0.7923113107681274","0.7923113107681274","0.8901557391881942","0.8901557391881942","0.8901557391881942","1.116443108022213","1.116443108022213","1.116443108022213","1.3631927263736725","1.3631927263736725","1.3631927263736725"
"65","1.584890412092209","1.584890412092209","1.584890412092209","1.0594144034385682","1.0594144034385682","1.0594144034385682","0.8912844967842102","0.8912844967842102","0.8912844967842102","0.7927840632200241","0.7927840632200241","0.7927840632200241","0.7470614978671074","0.7470614978671074","0.7470614978671074","0.7832901871204376","0.7832901871204376","0.7832901871204376","0.895226656794548","0.895226656794548","0.895226656794548","1.0963891664147376","1.0963891664147376","1.0963891664147376","1.3805271917581559","1.3805271917581559","1.3805271917581559"
"66","1.5855621635913848","1.5855621635913848","1.5855621635913848","1.0593074089288712","1.0593074089288712","1.0593074089288712","0.8785431778430939","0.8785431778430939","0.8785431778430939","0.7911391121149063","0.7911391121149063","0.7911391121149063","0.7457789573073387","0.7457789573073387","0.7457789573073387","0.7974273154139518","0.7974273154139518","0.7974273154139518","0.8817622756958008","0.8817622756958008","0.8817622756958008","1.10781888961792","1.10781888961792","1.10781888961792","1.3406523406505584","1.3406523406505584","1.3406523406505584"
"67","1.578287686109543","1.578287686109543","1.578287686109543","1.0604691594839095","1.0604691594839095","1.0604691594839095","0.8952220380306244","0.8952220380306244","0.8952220380306244","0.7928995096683502","0.7928995096683502","0.7928995096683502","0.7478858464956284","0.7478858464956284","0.7478858464956284","0.7908524060249329","0.7908524060249329","0.7908524060249329","0.8806618028879165","0.8806618028879165","0.8806618028879165","1.117092035114765","1.117092035114765","1.117092035114765","1.4149165648221969","1.4149165648221969","1.4149165648221969"
"68","1.5787854719161987","1.5787854719161987","1.5787854719161987","1.0690563410520553","1.0690563410520553","1.0690563410520553","0.886094132065773","0.886094132065773","0.886094132065773","0.7863425040245056","0.7863425040245056","0.7863425040245056","0.7471340948343277","0.7471340948343277","0.7471340948343277","0.8163185036182403","0.8163185036182403","0.8163185036182403","0.8981157249212265","0.8981157249212265","0.8981157249212265","1.1186594849824905","1.1186594849824905","1.1186594849824905","1.3774169558286666","1.3774169558286666","1.3774169558286666"
"69","1.5735362815856933","1.5735362815856933","1.5735362815856933","1.0596717274188996","1.0596717274188996","1.0596717274188996","0.888753068447113","0.888753068447113","0.888753068447113","0.7900095844268799","0.7900095844268799","0.7900095844268799","0.7454425910115242","0.7454425910115242","0.7454425910115242","0.8075680214166642","0.8075680214166642","0.8075680214166642","0.9019050115346908","0.9019050115346908","0.9019050115346908","1.1204457098245622","1.1204457098245622","1.1204457098245622","1.3736539417505265","1.3736539417505265","1.3736539417505265"
"70","1.5806312203407287","1.5806312203407287","1.5806312203407287","1.0569719570875167","1.0569719570875167","1.0569719570875167","0.8757933616638184","0.8757933616638184","0.8757933616638184","0.7922510004043579","0.7922510004043579","0.7922510004043579","0.7370707041025162","0.7370707041025162","0.7370707041025162","0.8097930467128753","0.8097930467128753","0.8097930467128753","0.8980036103725433","0.8980036103725433","0.8980036103725433","1.1174711126089096","1.1174711126089096","1.1174711126089096","1.3997904932498932","1.3997904932498932","1.3997904932498932"
"71","1.5846699917316436","1.5846699917316436","1.5846699917316436","1.058500321507454","1.058500321507454","1.058500321507454","0.8873032337427139","0.8873032337427139","0.8873032337427139","0.7913542437553406","0.7913542437553406","0.7913542437553406","0.7452080291509628","0.7452080291509628","0.7452080291509628","0.818079714179039","0.818079714179039","0.818079714179039","0.8984560930728912","0.8984560930728912","0.8984560930728912","1.1382766485214233","1.1382766485214233","1.1382766485214233","1.4192586481571197","1.4192586481571197","1.4192586481571197"
"72","1.5792716538906098","1.5792716538906098","1.5792716538906098","1.058378168940544","1.058378168940544","1.058378168940544","0.8747279989719391","0.8747279989719391","0.8747279989719391","0.7899032497406006","0.7899032497406006","0.7899032497406006","0.7446976780891419","0.7446976780891419","0.7446976780891419","0.8238334941864014","0.8238334941864014","0.8238334941864014","0.9117113095521927","0.9117113095521927","0.9117113095521927","1.1678939700126647","1.1678939700126647","1.1678939700126647","1.4216245102882386","1.4216245102882386","1.4216245102882386"
"73","1.547396879196167","1.547396879196167","1.547396879196167","1.0600719702243806","1.0600719702243806","1.0600719702243806","0.8778729945421219","0.8778729945421219","0.8778729945421219","0.7779711961746216","0.7779711961746216","0.7779711961746216","0.7466936618089676","0.7466936618089676","0.7466936618089676","0.809884284734726","0.809884284734726","0.809884284734726","0.896655586361885","0.896655586361885","0.896655586361885","1.1445286148786544","1.1445286148786544","1.1445286148786544","1.4488680481910705","1.4488680481910705","1.4488680481910705"
"74","1.5512077915668487","1.5512077915668487","1.5512077915668487","1.0533217704296112","1.0533217704296112","1.0533217704296112","0.8745307606458664","0.8745307606458664","0.8745307606458664","0.7922212219238282","0.7922212219238282","0.7922212219238282","0.7488535863161087","0.7488535863161087","0.7488535863161087","0.8108786863088607","0.8108786863088607","0.8108786863088607","0.9283360558748245","0.9283360558748245","0.9283360558748245","1.1646261417865753","1.1646261417865753","1.1646261417865753","1.3719537025690078","1.3719537025690078","1.3719537025690078"
"75","1.5667138254642488","1.5667138254642488","1.5667138254642488","1.0561994457244872","1.0561994457244872","1.0561994457244872","0.8653413051366806","0.8653413051366806","0.8653413051366806","0.7845148432254792","0.7845148432254792","0.7845148432254792","0.7482902491092682","0.7482902491092682","0.7482902491092682","0.8028185206651688","0.8028185206651688","0.8028185206651688","0.9138721549510955","0.9138721549510955","0.9138721549510955","1.169874890446663","1.169874890446663","1.169874890446663","1.4190001833438872","1.4190001833438872","1.4190001833438872"
"76","1.5590954852104186","1.5590954852104186","1.5590954852104186","1.0680911552906036","1.0680911552906036","1.0680911552906036","0.878193951845169","0.878193951845169","0.878193951845169","0.776401538848877","0.776401538848877","0.776401538848877","0.746894371509552","0.746894371509552","0.746894371509552","0.8028317296504974","0.8028317296504974","0.8028317296504974","0.9015547078847885","0.9015547078847885","0.9015547078847885","1.1801855450868606","1.1801855450868606","1.1801855450868606","1.4433511924743652","1.4433511924743652","1.4433511924743652"
"77","1.5749075257778167","1.5749075257778167","1.5749075257778167","1.0583448827266693","1.0583448827266693","1.0583448827266693","0.8659356242418289","0.8659356242418289","0.8659356242418289","0.7886268025636674","0.7886268025636674","0.7886268025636674","0.7522196751832962","0.7522196751832962","0.7522196751832962","0.812163547873497","0.812163547873497","0.812163547873497","0.9201957714557648","0.9201957714557648","0.9201957714557648","1.1998697566986083","1.1998697566986083","1.1998697566986083","1.495596621632576","1.495596621632576","1.495596621632576"
"78","1.5454154896736145","1.5454154896736145","1.5454154896736145","1.0347392791509629","1.0347392791509629","1.0347392791509629","0.8737472826242447","0.8737472826242447","0.8737472826242447","0.788230665922165","0.788230665922165","0.788230665922165","0.7469247505068779","0.7469247505068779","0.7469247505068779","0.8103781706094741","0.8103781706094741","0.8103781706094741","0.92869862139225","0.92869862139225","0.92869862139225","1.1845295077562332","1.1845295077562332","1.1845295077562332","1.4804477071762085","1.4804477071762085","1.4804477071762085"
"79","1.5453834593296052","1.5453834593296052","1.5453834593296052","1.0250789082050324","1.0250789082050324","1.0250789082050324","0.8907101100683212","0.8907101100683212","0.8907101100683212","0.7742436748743057","0.7742436748743057","0.7742436748743057","0.7514531481266021","0.7514531481266021","0.7514531481266021","0.8131537103652954","0.8131537103652954","0.8131537103652954","0.9151034021377563","0.9151034021377563","0.9151034021377563","1.183689472079277","1.183689472079277","1.183689472079277","1.4664743649959564","1.4664743649959564","1.4664743649959564"
"80","1.531673971414566","1.531673971414566","1.531673971414566","1.0465088504552842","1.0465088504552842","1.0465088504552842","0.8737965887784958","0.8737965887784958","0.8737965887784958","0.773359277844429","0.773359277844429","0.773359277844429","0.7493035113811493","0.7493035113811493","0.7493035113811493","0.81550217628479","0.81550217628479","0.81550217628479","0.9314987874031067","0.9314987874031067","0.9314987874031067","1.1684767401218414","1.1684767401218414","1.1684767401218414","1.4392232227325439","1.4392232227325439","1.4392232227325439"
"81","1.5343593108654021","1.5343593108654021","1.5343593108654021","1.0456339073181153","1.0456339073181153","1.0456339073181153","0.8650906330347061","0.8650906330347061","0.8650906330347061","0.7833291268348694","0.7833291268348694","0.7833291268348694","0.7453838777542114","0.7453838777542114","0.7453838777542114","0.8075000160932541","0.8075000160932541","0.8075000160932541","0.9315614151954651","0.9315614151954651","0.9315614151954651","1.1699230980873108","1.1699230980873108","1.1699230980873108","1.4611140310764312","1.4611140310764312","1.4611140310764312"
"82","1.5247090506553649","1.5247090506553649","1.5247090506553649","1.0480088847875595","1.0480088847875595","1.0480088847875595","0.8751211374998092","0.8751211374998092","0.8751211374998092","0.7843797045946121","0.7843797045946121","0.7843797045946121","0.7509634566307067","0.7509634566307067","0.7509634566307067","0.811775187253952","0.811775187253952","0.811775187253952","0.9538301539421081","0.9538301539421081","0.9538301539421081","1.2103613072633743","1.2103613072633743","1.2103613072633743","1.4423823106288909","1.4423823106288909","1.4423823106288909"
"83","1.5317307698726654","1.5317307698726654","1.5317307698726654","1.0444725394248962","1.0444725394248962","1.0444725394248962","0.8646465504169464","0.8646465504169464","0.8646465504169464","0.7821151840686799","0.7821151840686799","0.7821151840686799","0.7474422389268875","0.7474422389268875","0.7474422389268875","0.8281848973035812","0.8281848973035812","0.8281848973035812","0.9295892286300659","0.9295892286300659","0.9295892286300659","1.1815804755687713","1.1815804755687713","1.1815804755687713","1.505340895652771","1.505340895652771","1.505340895652771"
"84","1.5333368599414825","1.5333368599414825","1.5333368599414825","1.0490098410844804","1.0490098410844804","1.0490098410844804","0.8710998475551606","0.8710998475551606","0.8710998475551606","0.7761723822355271","0.7761723822355271","0.7761723822355271","0.7482394695281982","0.7482394695281982","0.7482394695281982","0.8223458296060562","0.8223458296060562","0.8223458296060562","0.92825858771801","0.92825858771801","0.92825858771801","1.2244692546129228","1.2244692546129228","1.2244692546129228","1.4807489448785782","1.4807489448785782","1.4807489448785782"
"85","1.5432426679134368","1.5432426679134368","1.5432426679134368","1.0355921351909638","1.0355921351909638","1.0355921351909638","0.8740540844202042","0.8740540844202042","0.8740540844202042","0.7769573998451232","0.7769573998451232","0.7769573998451232","0.7420712119340896","0.7420712119340896","0.7420712119340896","0.8047099140286446","0.8047099140286446","0.8047099140286446","0.9498715674877167","0.9498715674877167","0.9498715674877167","1.221650173664093","1.221650173664093","1.221650173664093","1.5014880681037903","1.5014880681037903","1.5014880681037903"
"86","1.554888117313385","1.554888117313385","1.554888117313385","1.033233413696289","1.033233413696289","1.033233413696289","0.8644656205177307","0.8644656205177307","0.8644656205177307","0.781087504029274","0.781087504029274","0.781087504029274","0.7500597858428955","0.7500597858428955","0.7500597858428955","0.818555599451065","0.818555599451065","0.818555599451065","0.9359253495931625","0.9359253495931625","0.9359253495931625","1.2145127165317535","1.2145127165317535","1.2145127165317535","1.4978181028366089","1.4978181028366089","1.4978181028366089"
"87","1.508771517276764","1.508771517276764","1.508771517276764","1.0326358050107955","1.0326358050107955","1.0326358050107955","0.8611275660991669","0.8611275660991669","0.8611275660991669","0.7847772639989853","0.7847772639989853","0.7847772639989853","0.7543809151649475","0.7543809151649475","0.7543809151649475","0.8317267167568206","0.8317267167568206","0.8317267167568206","0.9325336009263993","0.9325336009263993","0.9325336009263993","1.217040622830391","1.217040622830391","1.217040622830391","1.5019295638799668","1.5019295638799668","1.5019295638799668"
"88","1.5269435298442842","1.5269435298442842","1.5269435298442842","1.0463275921344757","1.0463275921344757","1.0463275921344757","0.8534216523170471","0.8534216523170471","0.8534216523170471","0.7824098324775696","0.7824098324775696","0.7824098324775696","0.7443142360448838","0.7443142360448838","0.7443142360448838","0.8212623012065887","0.8212623012065887","0.8212623012065887","0.9458789646625518","0.9458789646625518","0.9458789646625518","1.2137246549129486","1.2137246549129486","1.2137246549129486","1.5446378445625306","1.5446378445625306","1.5446378445625306"
"89","1.5086832404136659","1.5086832404136659","1.5086832404136659","1.0374369472265244","1.0374369472265244","1.0374369472265244","0.8650480645895005","0.8650480645895005","0.8650480645895005","0.7771081906557084","0.7771081906557084","0.7771081906557084","0.7507105296850205","0.7507105296850205","0.7507105296850205","0.8256525576114655","0.8256525576114655","0.8256525576114655","0.9586506295204162","0.9586506295204162","0.9586506295204162","1.2144568812847139","1.2144568812847139","1.2144568812847139","1.5195092481374741","1.5195092481374741","1.5195092481374741"
"90","1.5180577373504638","1.5180577373504638","1.5180577373504638","1.0357595628499985","1.0357595628499985","1.0357595628499985","0.86122911632061","0.86122911632061","0.86122911632061","0.78561747610569","0.78561747610569","0.78561747610569","0.7442331296205521","0.7442331296205521","0.7442331296205521","0.829417120218277","0.829417120218277","0.829417120218277","0.9475579053163529","0.9475579053163529","0.9475579053163529","1.2163500648736953","1.2163500648736953","1.2163500648736953","1.5412409967184066","1.5412409967184066","1.5412409967184066"
"91","1.523277896642685","1.523277896642685","1.523277896642685","1.0223440581560135","1.0223440581560135","1.0223440581560135","0.8704917645454406","0.8704917645454406","0.8704917645454406","0.7761489099264145","0.7761489099264145","0.7761489099264145","0.7523825842142106","0.7523825842142106","0.7523825842142106","0.8342781752347946","0.8342781752347946","0.8342781752347946","0.9827020335197448","0.9827020335197448","0.9827020335197448","1.2271987062692642","1.2271987062692642","1.2271987062692642","1.5049863010644913","1.5049863010644913","1.5049863010644913"
"92","1.5175884795188903","1.5175884795188903","1.5175884795188903","1.0265801203250886","1.0265801203250886","1.0265801203250886","0.858707275390625","0.858707275390625","0.858707275390625","0.787000703215599","0.787000703215599","0.787000703215599","0.7482244175672531","0.7482244175672531","0.7482244175672531","0.8393510401248931","0.8393510401248931","0.8393510401248931","0.9679708981513977","0.9679708981513977","0.9679708981513977","1.2593761092424394","1.2593761092424394","1.2593761092424394","1.5179951125383377","1.5179951125383377","1.5179951125383377"
"93","1.4952371740341186","1.4952371740341186","1.4952371740341186","1.0199672889709472","1.0199672889709472","1.0199672889709472","0.8652333110570908","0.8652333110570908","0.8652333110570908","0.7752331912517547","0.7752331912517547","0.7752331912517547","0.7526371216773987","0.7526371216773987","0.7526371216773987","0.8273117071390153","0.8273117071390153","0.8273117071390153","0.9624503308534622","0.9624503308534622","0.9624503308534622","1.2393668895959855","1.2393668895959855","1.2393668895959855","1.603620840907097","1.603620840907097","1.603620840907097"
"94","1.503120275735855","1.503120275735855","1.503120275735855","1.0290867620706559","1.0290867620706559","1.0290867620706559","0.8598254680633545","0.8598254680633545","0.8598254680633545","0.7771040469408035","0.7771040469408035","0.7771040469408035","0.7533549845218659","0.7533549845218659","0.7533549845218659","0.8318550664186478","0.8318550664186478","0.8318550664186478","0.9419929972290992","0.9419929972290992","0.9419929972290992","1.2502273386716842","1.2502273386716842","1.2502273386716842","1.5615151703357697","1.5615151703357697","1.5615151703357697"
"95","1.5229022979736329","1.5229022979736329","1.5229022979736329","1.031620289683342","1.031620289683342","1.031620289683342","0.8544302660226822","0.8544302660226822","0.8544302660226822","0.7717781335115432","0.7717781335115432","0.7717781335115432","0.743479660153389","0.743479660153389","0.743479660153389","0.8333903205394745","0.8333903205394745","0.8333903205394745","0.9636289858818055","0.9636289858818055","0.9636289858818055","1.2759945005178452","1.2759945005178452","1.2759945005178452","1.5967148369550705","1.5967148369550705","1.5967148369550705"
"96","1.4765820860862733","1.4765820860862733","1.4765820860862733","1.0226059311628342","1.0226059311628342","1.0226059311628342","0.8740031051635743","0.8740031051635743","0.8740031051635743","0.7826865422725677","0.7826865422725677","0.7826865422725677","0.7550603699684143","0.7550603699684143","0.7550603699684143","0.8368070101737977","0.8368070101737977","0.8368070101737977","0.9577835845947266","0.9577835845947266","0.9577835845947266","1.2524686694145202","1.2524686694145202","1.2524686694145202","1.5684155160188675","1.5684155160188675","1.5684155160188675"
"97","1.4979642939567566","1.4979642939567566","1.4979642939567566","1.015271834731102","1.015271834731102","1.015271834731102","0.8513739734888077","0.8513739734888077","0.8513739734888077","0.7849723267555236","0.7849723267555236","0.7849723267555236","0.7551290544867516","0.7551290544867516","0.7551290544867516","0.841070973277092","0.841070973277092","0.841070973277092","0.9543692880868911","0.9543692880868911","0.9543692880868911","1.2353474116325378","1.2353474116325378","1.2353474116325378","1.5780871355533599","1.5780871355533599","1.5780871355533599"
"98","1.4905847132205963","1.4905847132205963","1.4905847132205963","1.0258182615041733","1.0258182615041733","1.0258182615041733","0.858346825838089","0.858346825838089","0.858346825838089","0.7874293977022171","0.7874293977022171","0.7874293977022171","0.7611067193746567","0.7611067193746567","0.7611067193746567","0.8179361099004745","0.8179361099004745","0.8179361099004745","0.9665260434150695","0.9665260434150695","0.9665260434150695","1.2264327657222749","1.2264327657222749","1.2264327657222749","1.533200975060463","1.533200975060463","1.533200975060463"
"99","1.4851329696178437","1.4851329696178437","1.4851329696178437","1.013350143432617","1.013350143432617","1.013350143432617","0.8534828364849091","0.8534828364849091","0.8534828364849091","0.7884595268964767","0.7884595268964767","0.7884595268964767","0.7663548463582992","0.7663548463582992","0.7663548463582992","0.82186199426651","0.82186199426651","0.82186199426651","0.9544655907154084","0.9544655907154084","0.9544655907154084","1.240964121222496","1.240964121222496","1.240964121222496","1.5773920476436616","1.5773920476436616","1.5773920476436616"
"100","1.5006098103523255","1.5006098103523255","1.5006098103523255","1.0164462798833847","1.0164462798833847","1.0164462798833847","0.864347186088562","0.864347186088562","0.864347186088562","0.7834405303001404","0.7834405303001404","0.7834405303001404","0.7525217139720917","0.7525217139720917","0.7525217139720917","0.8274082291126251","0.8274082291126251","0.8274082291126251","0.9606924843788147","0.9606924843788147","0.9606924843788147","1.2445020726323128","1.2445020726323128","1.2445020726323128","1.5741048294305802","1.5741048294305802","1.5741048294305802"