"Step","dr_0.9 - train loss","dr_0.9 - train loss__MIN","dr_0.9 - train loss__MAX","dr_0.8 - train loss","dr_0.8 - train loss__MIN","dr_0.8 - train loss__MAX","dr_0.7 - train loss","dr_0.7 - train loss__MIN","dr_0.7 - train loss__MAX","dr_0.6 - train loss","dr_0.6 - train loss__MIN","dr_0.6 - train loss__MAX","dr_0.5 - train loss","dr_0.5 - train loss__MIN","dr_0.5 - train loss__MAX","dr_0.4 - train loss","dr_0.4 - train loss__MIN","dr_0.4 - train loss__MAX","dr_0.3 - train loss","dr_0.3 - train loss__MIN","dr_0.3 - train loss__MAX","dr_0.2 - train loss","dr_0.2 - train loss__MIN","dr_0.2 - train loss__MAX","dr_0.1 - train loss","dr_0.1 - train loss__MIN","dr_0.1 - train loss__MAX"
"1","2.073212520480156","2.073212520480156","2.073212520480156","1.905323968231678","1.905323968231678","1.905323968231678","1.833728477358818","1.833728477358818","1.833728477358818","1.7844780170917511","1.7844780170917511","1.7844780170917511","1.7516635969281196","1.7516635969281196","1.7516635969281196","1.7270274558663368","1.7270274558663368","1.7270274558663368","1.7037855416536332","1.7037855416536332","1.7037855416536332","1.6927066144347191","1.6927066144347191","1.6927066144347191","1.679044587612152","1.679044587612152","1.679044587612152"
"2","1.8949704426527023","1.8949704426527023","1.8949704426527023","1.7673215436935426","1.7673215436935426","1.7673215436935426","1.6920199194550514","1.6920199194550514","1.6920199194550514","1.637652485370636","1.637652485370636","1.637652485370636","1.5968250957131387","1.5968250957131387","1.5968250957131387","1.5642613613605498","1.5642613613605498","1.5642613613605498","1.5333526867628098","1.5333526867628098","1.5333526867628098","1.5096959820389748","1.5096959820389748","1.5096959820389748","1.4877766627073288","1.4877766627073288","1.4877766627073288"
"3","1.8546820437908174","1.8546820437908174","1.8546820437908174","1.713028785288334","1.713028785288334","1.713028785288334","1.631081964969635","1.631081964969635","1.631081964969635","1.5740242105722428","1.5740242105722428","1.5740242105722428","1.5256397327780724","1.5256397327780724","1.5256397327780724","1.4848206037282943","1.4848206037282943","1.4848206037282943","1.4427918604016303","1.4427918604016303","1.4427918604016303","1.4252848595380783","1.4252848595380783","1.4252848595380783","1.3908632719516754","1.3908632719516754","1.3908632719516754"
"4","1.8171691805124284","1.8171691805124284","1.8171691805124284","1.6761359053850173","1.6761359053850173","1.6761359053850173","1.5902617183327674","1.5902617183327674","1.5902617183327674","1.529398575425148","1.529398575425148","1.529398575425148","1.473562608063221","1.473562608063221","1.473562608063221","1.4350706958770751","1.4350706958770751","1.4350706958770751","1.3870089745521545","1.3870089745521545","1.3870089745521545","1.3570078060030937","1.3570078060030937","1.3570078060030937","1.316178938448429","1.316178938448429","1.316178938448429"
"5","1.7884941437840463","1.7884941437840463","1.7884941437840463","1.638974263370037","1.638974263370037","1.638974263370037","1.5599259212613106","1.5599259212613106","1.5599259212613106","1.4893534615635873","1.4893534615635873","1.4893534615635873","1.4352981334924697","1.4352981334924697","1.4352981334924697","1.385635203421116","1.385635203421116","1.385635203421116","1.3401521198451518","1.3401521198451518","1.3401521198451518","1.29863547205925","1.29863547205925","1.29863547205925","1.255994937568903","1.255994937568903","1.255994937568903"
"6","1.762651569545269","1.762651569545269","1.762651569545269","1.6206137830018996","1.6206137830018996","1.6206137830018996","1.5238332951068878","1.5238332951068878","1.5238332951068878","1.4566146859526634","1.4566146859526634","1.4566146859526634","1.3979433751106263","1.3979433751106263","1.3979433751106263","1.3419188269972802","1.3419188269972802","1.3419188269972802","1.2961291965842248","1.2961291965842248","1.2961291965842248","1.2487838011980057","1.2487838011980057","1.2487838011980057","1.2005138377845288","1.2005138377845288","1.2005138377845288"
"7","1.7471598070859908","1.7471598070859908","1.7471598070859908","1.5954204031825066","1.5954204031825066","1.5954204031825066","1.5002987226843834","1.5002987226843834","1.5002987226843834","1.4262886115908622","1.4262886115908622","1.4262886115908622","1.369142706990242","1.369142706990242","1.369142706990242","1.3127248719334603","1.3127248719334603","1.3127248719334603","1.2533629629015923","1.2533629629015923","1.2533629629015923","1.2073659959435463","1.2073659959435463","1.2073659959435463","1.1514814200997352","1.1514814200997352","1.1514814200997352"
"8","1.728487466275692","1.728487466275692","1.728487466275692","1.580573213994503","1.580573213994503","1.580573213994503","1.4817218786478044","1.4817218786478044","1.4817218786478044","1.403916203379631","1.403916203379631","1.403916203379631","1.3373299622535706","1.3373299622535706","1.3373299622535706","1.2755468171834945","1.2755468171834945","1.2755468171834945","1.2256345111131668","1.2256345111131668","1.2256345111131668","1.1631075909733772","1.1631075909733772","1.1631075909733772","1.1004512044787407","1.1004512044787407","1.1004512044787407"
"9","1.7162056666612626","1.7162056666612626","1.7162056666612626","1.5605034857988358","1.5605034857988358","1.5605034857988358","1.4608767420053481","1.4608767420053481","1.4608767420053481","1.3810603550076486","1.3810603550076486","1.3810603550076486","1.3120863142609596","1.3120863142609596","1.3120863142609596","1.249836497604847","1.249836497604847","1.249836497604847","1.1842780943214892","1.1842780943214892","1.1842780943214892","1.122186482846737","1.122186482846737","1.122186482846737","1.0519349017739297","1.0519349017739297","1.0519349017739297"
"10","1.7023049527406693","1.7023049527406693","1.7023049527406693","1.5434598991274833","1.5434598991274833","1.5434598991274833","1.4430621421337129","1.4430621421337129","1.4430621421337129","1.35805321007967","1.35805321007967","1.35805321007967","1.2817356806993485","1.2817356806993485","1.2817356806993485","1.2106052254140378","1.2106052254140378","1.2106052254140378","1.1444923470914363","1.1444923470914363","1.1444923470914363","1.0849861776828766","1.0849861776828766","1.0849861776828766","1.0072050696611405","1.0072050696611405","1.0072050696611405"
"11","1.6876959002017975","1.6876959002017975","1.6876959002017975","1.5308134669065476","1.5308134669065476","1.5308134669065476","1.4276284009218216","1.4276284009218216","1.4276284009218216","1.3362296625971795","1.3362296625971795","1.3362296625971795","1.263311135917902","1.263311135917902","1.263311135917902","1.188891196846962","1.188891196846962","1.188891196846962","1.114191907644272","1.114191907644272","1.114191907644272","1.04494613930583","1.04494613930583","1.04494613930583","0.9585629262030124","0.9585629262030124","0.9585629262030124"
"12","1.6794160407781602","1.6794160407781602","1.6794160407781602","1.5105477660894393","1.5105477660894393","1.5105477660894393","1.4095024168491364","1.4095024168491364","1.4095024168491364","1.3239830467104912","1.3239830467104912","1.3239830467104912","1.2441912403702735","1.2441912403702735","1.2441912403702735","1.1596803511679172","1.1596803511679172","1.1596803511679172","1.086444647461176","1.086444647461176","1.086444647461176","1.0097023102641105","1.0097023102641105","1.0097023102641105","0.9209828265011311","0.9209828265011311","0.9209828265011311"
"13","1.6693394163250923","1.6693394163250923","1.6693394163250923","1.5041395792365073","1.5041395792365073","1.5041395792365073","1.3953942155838013","1.3953942155838013","1.3953942155838013","1.300577977001667","1.300577977001667","1.300577977001667","1.21460577622056","1.21460577622056","1.21460577622056","1.1383368146419526","1.1383368146419526","1.1383368146419526","1.051115457713604","1.051115457713604","1.051115457713604","0.9679154911637307","0.9679154911637307","0.9679154911637307","0.8776388071477413","0.8776388071477413","0.8776388071477413"
"14","1.6621179977059364","1.6621179977059364","1.6621179977059364","1.4945161935687066","1.4945161935687066","1.4945161935687066","1.3826323714852333","1.3826323714852333","1.3826323714852333","1.289829757064581","1.289829757064581","1.289829757064581","1.2008704976737499","1.2008704976737499","1.2008704976737499","1.1101865901052952","1.1101865901052952","1.1101865901052952","1.0244758932292461","1.0244758932292461","1.0244758932292461","0.9289877358078956","0.9289877358078956","0.9289877358078956","0.8379599843919278","0.8379599843919278","0.8379599843919278"
"15","1.6504460805654526","1.6504460805654526","1.6504460805654526","1.4830670699477195","1.4830670699477195","1.4830670699477195","1.371344048678875","1.371344048678875","1.371344048678875","1.2614542856812476","1.2614542856812476","1.2614542856812476","1.1753452906012536","1.1753452906012536","1.1753452906012536","1.084799439460039","1.084799439460039","1.084799439460039","0.9978911620378494","0.9978911620378494","0.9978911620378494","0.8994151359796524","0.8994151359796524","0.8994151359796524","0.7908933341503144","0.7908933341503144","0.7908933341503144"
"16","1.6463503044843675","1.6463503044843675","1.6463503044843675","1.473906192779541","1.473906192779541","1.473906192779541","1.349431250989437","1.349431250989437","1.349431250989437","1.2491044723987579","1.2491044723987579","1.2491044723987579","1.1569192215800286","1.1569192215800286","1.1569192215800286","1.060186798274517","1.060186798274517","1.060186798274517","0.9619271801412106","0.9619271801412106","0.9619271801412106","0.8607246406376362","0.8607246406376362","0.8607246406376362","0.7503929708898067","0.7503929708898067","0.7503929708898067"
"17","1.6394337445497513","1.6394337445497513","1.6394337445497513","1.458318659067154","1.458318659067154","1.458318659067154","1.3351749077439308","1.3351749077439308","1.3351749077439308","1.2348680536448955","1.2348680536448955","1.2348680536448955","1.1318858940899372","1.1318858940899372","1.1318858940899372","1.0384468494355679","1.0384468494355679","1.0384468494355679","0.9421498200297356","0.9421498200297356","0.9421498200297356","0.8285979534685611","0.8285979534685611","0.8285979534685611","0.7122442847490311","0.7122442847490311","0.7122442847490311"
"18","1.6302452090382575","1.6302452090382575","1.6302452090382575","1.4533241671323776","1.4533241671323776","1.4533241671323776","1.3279118591547012","1.3279118591547012","1.3279118591547012","1.2227763387560844","1.2227763387560844","1.2227763387560844","1.115071659833193","1.115071659833193","1.115071659833193","1.0128229649364948","1.0128229649364948","1.0128229649364948","0.9109341241419315","0.9109341241419315","0.9109341241419315","0.8030522175133228","0.8030522175133228","0.8030522175133228","0.6851755950599909","0.6851755950599909","0.6851755950599909"
"19","1.6281275314092636","1.6281275314092636","1.6281275314092636","1.4451061210036278","1.4451061210036278","1.4451061210036278","1.3187765130400657","1.3187765130400657","1.3187765130400657","1.2038192434608936","1.2038192434608936","1.2038192434608936","1.099376267939806","1.099376267939806","1.099376267939806","0.9939292627573013","0.9939292627573013","0.9939292627573013","0.8874947060644627","0.8874947060644627","0.8874947060644627","0.7661895733326674","0.7661895733326674","0.7661895733326674","0.6504728135466575","0.6504728135466575","0.6504728135466575"
"20","1.6138695335388185","1.6138695335388185","1.6138695335388185","1.4329228103160858","1.4329228103160858","1.4329228103160858","1.3037317064404488","1.3037317064404488","1.3037317064404488","1.1933403731882573","1.1933403731882573","1.1933403731882573","1.079523489922285","1.079523489922285","1.079523489922285","0.9713853006064892","0.9713853006064892","0.9713853006064892","0.8564679682254791","0.8564679682254791","0.8564679682254791","0.7438408791273833","0.7438408791273833","0.7438408791273833","0.618543178960681","0.618543178960681","0.618543178960681"
"21","1.6121587815880776","1.6121587815880776","1.6121587815880776","1.4294873565435409","1.4294873565435409","1.4294873565435409","1.286772520840168","1.286772520840168","1.286772520840168","1.1813994519412518","1.1813994519412518","1.1813994519412518","1.059489163607359","1.059489163607359","1.059489163607359","0.9519376927614212","0.9519376927614212","0.9519376927614212","0.830519552230835","0.830519552230835","0.830519552230835","0.7104777420312166","0.7104777420312166","0.7104777420312166","0.5808263802528382","0.5808263802528382","0.5808263802528382"
"22","1.6068984854221344","1.6068984854221344","1.6068984854221344","1.4210974171757698","1.4210974171757698","1.4210974171757698","1.2872250930964946","1.2872250930964946","1.2872250930964946","1.1652653020620347","1.1652653020620347","1.1652653020620347","1.0466378228366375","1.0466378228366375","1.0466378228366375","0.9293545064330101","0.9293545064330101","0.9293545064330101","0.8111305810511112","0.8111305810511112","0.8111305810511112","0.6879218764603138","0.6879218764603138","0.6879218764603138","0.5566638830304146","0.5566638830304146","0.5566638830304146"
"23","1.602559468150139","1.602559468150139","1.602559468150139","1.4127049779891967","1.4127049779891967","1.4127049779891967","1.2763948133587837","1.2763948133587837","1.2763948133587837","1.1481888380646705","1.1481888380646705","1.1481888380646705","1.0344534975290298","1.0344534975290298","1.0344534975290298","0.9177001692354679","0.9177001692354679","0.9177001692354679","0.7833824467658996","0.7833824467658996","0.7833824467658996","0.6563392755389214","0.6563392755389214","0.6563392755389214","0.5305401011556387","0.5305401011556387","0.5305401011556387"
"24","1.593959555029869","1.593959555029869","1.593959555029869","1.4024649408459664","1.4024649408459664","1.4024649408459664","1.2596330572664738","1.2596330572664738","1.2596330572664738","1.1393336628377437","1.1393336628377437","1.1393336628377437","1.0195628191530703","1.0195628191530703","1.0195628191530703","0.8945604550838471","0.8945604550838471","0.8945604550838471","0.7703123486042023","0.7703123486042023","0.7703123486042023","0.6419420477747917","0.6419420477747917","0.6419420477747917","0.506699705272913","0.506699705272913","0.506699705272913"
"25","1.5955793395638467","1.5955793395638467","1.5955793395638467","1.3962070098519326","1.3962070098519326","1.3962070098519326","1.2474870713055133","1.2474870713055133","1.2474870713055133","1.1197797356545924","1.1197797356545924","1.1197797356545924","0.9929114538431167","0.9929114538431167","0.9929114538431167","0.8702692195773125","0.8702692195773125","0.8702692195773125","0.743548795953393","0.743548795953393","0.743548795953393","0.6136521156132221","0.6136521156132221","0.6136521156132221","0.48444576241075993","0.48444576241075993","0.48444576241075993"
"26","1.5921136435866357","1.5921136435866357","1.5921136435866357","1.390865145623684","1.390865145623684","1.390865145623684","1.243190959095955","1.243190959095955","1.243190959095955","1.1162791314721108","1.1162791314721108","1.1162791314721108","0.977852958291769","0.977852958291769","0.977852958291769","0.8566597747802734","0.8566597747802734","0.8566597747802734","0.7216825111210347","0.7216825111210347","0.7216825111210347","0.6013215564191341","0.6013215564191341","0.6013215564191341","0.46745448499917985","0.46745448499917985","0.46745448499917985"
"27","1.584366536140442","1.584366536140442","1.584366536140442","1.383135167658329","1.383135167658329","1.383135167658329","1.2256124210357666","1.2256124210357666","1.2256124210357666","1.1005887703597546","1.1005887703597546","1.1005887703597546","0.960987676680088","0.960987676680088","0.960987676680088","0.8364464744925499","0.8364464744925499","0.8364464744925499","0.7019266166538","0.7019266166538","0.7019266166538","0.5754696352779866","0.5754696352779866","0.5754696352779866","0.4319057607278228","0.4319057607278228","0.4319057607278228"
"28","1.5798814249038697","1.5798814249038697","1.5798814249038697","1.3729625582695006","1.3729625582695006","1.3729625582695006","1.2170513570308685","1.2170513570308685","1.2170513570308685","1.0779060950875283","1.0779060950875283","1.0779060950875283","0.9447049632668495","0.9447049632668495","0.9447049632668495","0.8175038084387779","0.8175038084387779","0.8175038084387779","0.6796778062731028","0.6796778062731028","0.6796778062731028","0.5572955648601056","0.5572955648601056","0.5572955648601056","0.42625821933150293","0.42625821933150293","0.42625821933150293"
"29","1.5757596486806869","1.5757596486806869","1.5757596486806869","1.3638595068454742","1.3638595068454742","1.3638595068454742","1.2128172521293163","1.2128172521293163","1.2128172521293163","1.0757814846932887","1.0757814846932887","1.0757814846932887","0.9351389697194099","0.9351389697194099","0.9351389697194099","0.800353586524725","0.800353586524725","0.800353586524725","0.6675573521107435","0.6675573521107435","0.6675573521107435","0.5339185802638531","0.5339185802638531","0.5339185802638531","0.39824208032339814","0.39824208032339814","0.39824208032339814"
"30","1.5699513712525368","1.5699513712525368","1.5699513712525368","1.3615918919444083","1.3615918919444083","1.3615918919444083","1.2091258539259433","1.2091258539259433","1.2091258539259433","1.0637464445829392","1.0637464445829392","1.0637464445829392","0.923809164762497","0.923809164762497","0.923809164762497","0.7840268175303936","0.7840268175303936","0.7840268175303936","0.6477750938385725","0.6477750938385725","0.6477750938385725","0.512386046051979","0.512386046051979","0.512386046051979","0.3836345021054149","0.3836345021054149","0.3836345021054149"
"31","1.5688177558779717","1.5688177558779717","1.5688177558779717","1.3503187891840935","1.3503187891840935","1.3503187891840935","1.194910870194435","1.194910870194435","1.194910870194435","1.0508805678784847","1.0508805678784847","1.0508805678784847","0.90614655777812","0.90614655777812","0.90614655777812","0.7662683809548616","0.7662683809548616","0.7662683809548616","0.6331289818882943","0.6331289818882943","0.6331289818882943","0.5065605242550373","0.5065605242550373","0.5065605242550373","0.3747774773836136","0.3747774773836136","0.3747774773836136"
"32","1.563710596561432","1.563710596561432","1.563710596561432","1.347003418058157","1.347003418058157","1.347003418058157","1.1865366703271867","1.1865366703271867","1.1865366703271867","1.0335935838520527","1.0335935838520527","1.0335935838520527","0.8918979263305664","0.8918979263305664","0.8918979263305664","0.7471268466860056","0.7471268466860056","0.7471268466860056","0.6158780051767826","0.6158780051767826","0.6158780051767826","0.4789516419172287","0.4789516419172287","0.4789516419172287","0.35996026393026115","0.35996026393026115","0.35996026393026115"
"33","1.5630839213728904","1.5630839213728904","1.5630839213728904","1.3459158819913863","1.3459158819913863","1.3459158819913863","1.1788736119866372","1.1788736119866372","1.1788736119866372","1.025296694934368","1.025296694934368","1.025296694934368","0.8753035794198513","0.8753035794198513","0.8753035794198513","0.7368404669314623","0.7368404669314623","0.7368404669314623","0.6033650137484073","0.6033650137484073","0.6033650137484073","0.4674938201904297","0.4674938201904297","0.4674938201904297","0.3467497871816158","0.3467497871816158","0.3467497871816158"
"34","1.5654618883132934","1.5654618883132934","1.5654618883132934","1.3370409566164017","1.3370409566164017","1.3370409566164017","1.1653492838144301","1.1653492838144301","1.1653492838144301","1.0144930697977543","1.0144930697977543","1.0144930697977543","0.8589803190529346","0.8589803190529346","0.8589803190529346","0.713255362957716","0.713255362957716","0.713255362957716","0.5932118413597345","0.5932118413597345","0.5932118413597345","0.4550473464280367","0.4550473464280367","0.4550473464280367","0.3307148340344429","0.3307148340344429","0.3307148340344429"
"35","1.5517895078659059","1.5517895078659059","1.5517895078659059","1.3368957966566086","1.3368957966566086","1.3368957966566086","1.160505669862032","1.160505669862032","1.160505669862032","1.0076292777061462","1.0076292777061462","1.0076292777061462","0.8491195221245289","0.8491195221245289","0.8491195221245289","0.70374268963933","0.70374268963933","0.70374268963933","0.5647657544165849","0.5647657544165849","0.5647657544165849","0.44134755942970516","0.44134755942970516","0.44134755942970516","0.3175344698503613","0.3175344698503613","0.3175344698503613"
"36","1.551361906528473","1.551361906528473","1.551361906528473","1.322663611471653","1.322663611471653","1.322663611471653","1.1462277533113956","1.1462277533113956","1.1462277533113956","0.9927606822550297","0.9927606822550297","0.9927606822550297","0.8369204305112362","0.8369204305112362","0.8369204305112362","0.690592600107193","0.690592600107193","0.690592600107193","0.5547472141683102","0.5547472141683102","0.5547472141683102","0.4299043048173189","0.4299043048173189","0.4299043048173189","0.3128175209090114","0.3128175209090114","0.3128175209090114"
"37","1.5456735390424727","1.5456735390424727","1.5456735390424727","1.3182666555047036","1.3182666555047036","1.3182666555047036","1.1404607218503953","1.1404607218503953","1.1404607218503953","0.9883867028355598","0.9883867028355598","0.9883867028355598","0.8309629872441292","0.8309629872441292","0.8309629872441292","0.677718712836504","0.677718712836504","0.677718712836504","0.5461529084295035","0.5461529084295035","0.5461529084295035","0.418638984747231","0.418638984747231","0.418638984747231","0.29445031709969044","0.29445031709969044","0.29445031709969044"
"38","1.5398430624604225","1.5398430624604225","1.5398430624604225","1.3123004245758056","1.3123004245758056","1.3123004245758056","1.1342855213582517","1.1342855213582517","1.1342855213582517","0.9708969238400459","0.9708969238400459","0.9708969238400459","0.809994683265686","0.809994683265686","0.809994683265686","0.6666104172170162","0.6666104172170162","0.6666104172170162","0.5289519409090281","0.5289519409090281","0.5289519409090281","0.4001610649749637","0.4001610649749637","0.4001610649749637","0.2856921922415495","0.2856921922415495","0.2856921922415495"
"39","1.53944803327322","1.53944803327322","1.53944803327322","1.3087538285553455","1.3087538285553455","1.3087538285553455","1.1247371472418308","1.1247371472418308","1.1247371472418308","0.9571973137557507","0.9571973137557507","0.9571973137557507","0.7974882860481739","0.7974882860481739","0.7974882860481739","0.6519525801390409","0.6519525801390409","0.6519525801390409","0.5213180288672448","0.5213180288672448","0.5213180288672448","0.3900114542245865","0.3900114542245865","0.3900114542245865","0.27715991452336314","0.27715991452336314","0.27715991452336314"
"40","1.5443612787127494","1.5443612787127494","1.5443612787127494","1.3015628331899642","1.3015628331899642","1.3015628331899642","1.120577362626791","1.120577362626791","1.120577362626791","0.9445374205708503","0.9445374205708503","0.9445374205708503","0.7863402643799782","0.7863402643799782","0.7863402643799782","0.6404003331065178","0.6404003331065178","0.6404003331065178","0.51050745151937","0.51050745151937","0.51050745151937","0.3755686177685857","0.3755686177685857","0.3755686177685857","0.2809327500872314","0.2809327500872314","0.2809327500872314"
"41","1.536630008816719","1.536630008816719","1.536630008816719","1.2896573644876481","1.2896573644876481","1.2896573644876481","1.108985983878374","1.108985983878374","1.108985983878374","0.9380157010257244","0.9380157010257244","0.9380157010257244","0.7787568013370038","0.7787568013370038","0.7787568013370038","0.632113948315382","0.632113948315382","0.632113948315382","0.49383753567934036","0.49383753567934036","0.49383753567934036","0.3782062916085124","0.3782062916085124","0.3782062916085124","0.25915108397603037","0.25915108397603037","0.25915108397603037"
"42","1.5289669048786163","1.5289669048786163","1.5289669048786163","1.2948242761194706","1.2948242761194706","1.2948242761194706","1.1014571219682694","1.1014571219682694","1.1014571219682694","0.930658765733242","0.930658765733242","0.930658765733242","0.7672441417723894","0.7672441417723894","0.7672441417723894","0.6183745461702347","0.6183745461702347","0.6183745461702347","0.47739239897578956","0.47739239897578956","0.47739239897578956","0.35500936456024645","0.35500936456024645","0.35500936456024645","0.2558804654888809","0.2558804654888809","0.2558804654888809"
"43","1.5262788492441177","1.5262788492441177","1.5262788492441177","1.292543102502823","1.292543102502823","1.292543102502823","1.099620287269354","1.099620287269354","1.099620287269354","0.9150003218650817","0.9150003218650817","0.9150003218650817","0.7586556302756071","0.7586556302756071","0.7586556302756071","0.6070877765119076","0.6070877765119076","0.6070877765119076","0.4713046621903777","0.4713046621903777","0.4713046621903777","0.35592134300619366","0.35592134300619366","0.35592134300619366","0.2561656269617379","0.2561656269617379","0.2561656269617379"
"44","1.5204347583651543","1.5204347583651543","1.5204347583651543","1.2778025029599667","1.2778025029599667","1.2778025029599667","1.0847711507976054","1.0847711507976054","1.0847711507976054","0.9065916083753109","0.9065916083753109","0.9065916083753109","0.7521077763289213","0.7521077763289213","0.7521077763289213","0.5951326140761375","0.5951326140761375","0.5951326140761375","0.46143071327358487","0.46143071327358487","0.46143071327358487","0.3487546046450734","0.3487546046450734","0.3487546046450734","0.24497362948954104","0.24497362948954104","0.24497362948954104"
"45","1.515743225812912","1.515743225812912","1.515743225812912","1.2719206139445305","1.2719206139445305","1.2719206139445305","1.0818902364373206","1.0818902364373206","1.0818902364373206","0.8982139205932618","0.8982139205932618","0.8982139205932618","0.7347038133442402","0.7347038133442402","0.7347038133442402","0.5839772574603558","0.5839772574603558","0.5839772574603558","0.44990889526903627","0.44990889526903627","0.44990889526903627","0.34456682804971933","0.34456682804971933","0.34456682804971933","0.24421191815286875","0.24421191815286875","0.24421191815286875"
"46","1.5219236579537392","1.5219236579537392","1.5219236579537392","1.2664180453121663","1.2664180453121663","1.2664180453121663","1.0677281846106053","1.0677281846106053","1.0677281846106053","0.888112586736679","0.888112586736679","0.888112586736679","0.7263685139268636","0.7263685139268636","0.7263685139268636","0.5756678717583418","0.5756678717583418","0.5756678717583418","0.4381143428385258","0.4381143428385258","0.4381143428385258","0.3328501885011792","0.3328501885011792","0.3328501885011792","0.23190222416073084","0.23190222416073084","0.23190222416073084"
"47","1.513375951051712","1.513375951051712","1.513375951051712","1.2667726150155068","1.2667726150155068","1.2667726150155068","1.0591283972561358","1.0591283972561358","1.0591283972561358","0.8860077042877674","0.8860077042877674","0.8860077042877674","0.7174899232387543","0.7174899232387543","0.7174899232387543","0.5663650807738304","0.5663650807738304","0.5663650807738304","0.4347596750408411","0.4347596750408411","0.4347596750408411","0.3197503900155425","0.3197503900155425","0.3197503900155425","0.2261101613380015","0.2261101613380015","0.2261101613380015"
"48","1.5125139969587327","1.5125139969587327","1.5125139969587327","1.2614180268347264","1.2614180268347264","1.2614180268347264","1.0529016494750976","1.0529016494750976","1.0529016494750976","0.8719739848375321","0.8719739848375321","0.8719739848375321","0.7090904417634011","0.7090904417634011","0.7090904417634011","0.5592966579645872","0.5592966579645872","0.5592966579645872","0.41873236034065486","0.41873236034065486","0.41873236034065486","0.3168594790250063","0.3168594790250063","0.3168594790250063","0.21913588020950556","0.21913588020950556","0.21913588020950556"
"49","1.5044609463214875","1.5044609463214875","1.5044609463214875","1.2562481363117695","1.2562481363117695","1.2562481363117695","1.0482485075294972","1.0482485075294972","1.0482485075294972","0.8699692724645138","0.8699692724645138","0.8699692724645138","0.6940957836806774","0.6940957836806774","0.6940957836806774","0.5396716476231813","0.5396716476231813","0.5396716476231813","0.41714648101478813","0.41714648101478813","0.41714648101478813","0.3052711118757725","0.3052711118757725","0.3052711118757725","0.2176205733977258","0.2176205733977258","0.2176205733977258"
"50","1.510929060280323","1.510929060280323","1.510929060280323","1.2516245092451572","1.2516245092451572","1.2516245092451572","1.0411562950909137","1.0411562950909137","1.0411562950909137","0.85362524792552","0.85362524792552","0.85362524792552","0.6864973717182875","0.6864973717182875","0.6864973717182875","0.5410333428531885","0.5410333428531885","0.5410333428531885","0.41312589634209873","0.41312589634209873","0.41312589634209873","0.30182997779920695","0.30182997779920695","0.30182997779920695","0.21252515247091652","0.21252515247091652","0.21252515247091652"
"51","1.5044903907179832","1.5044903907179832","1.5044903907179832","1.2435908378660678","1.2435908378660678","1.2435908378660678","1.0342470860481263","1.0342470860481263","1.0342470860481263","0.8462122221291065","0.8462122221291065","0.8462122221291065","0.6763238042593003","0.6763238042593003","0.6763238042593003","0.5264398845285178","0.5264398845285178","0.5264398845285178","0.3994832649081945","0.3994832649081945","0.3994832649081945","0.29912509992718694","0.29912509992718694","0.29912509992718694","0.2039606643281877","0.2039606643281877","0.2039606643281877"
"52","1.503864835202694","1.503864835202694","1.503864835202694","1.2422627383470535","1.2422627383470535","1.2422627383470535","1.0268313124775887","1.0268313124775887","1.0268313124775887","0.8374519537389279","0.8374519537389279","0.8374519537389279","0.6664707105606794","0.6664707105606794","0.6664707105606794","0.5194277852028608","0.5194277852028608","0.5194277852028608","0.3926745203509927","0.3926745203509927","0.3926745203509927","0.2940381277538836","0.2940381277538836","0.2940381277538836","0.20820265874266625","0.20820265874266625","0.20820265874266625"
"53","1.4975145080685615","1.4975145080685615","1.4975145080685615","1.2338383263349533","1.2338383263349533","1.2338383263349533","1.0224241079390048","1.0224241079390048","1.0224241079390048","0.8327891647815704","0.8327891647815704","0.8327891647815704","0.6610712845623493","0.6610712845623493","0.6610712845623493","0.5076225484907627","0.5076225484907627","0.5076225484907627","0.3922493400797248","0.3922493400797248","0.3922493400797248","0.2816286877170205","0.2816286877170205","0.2816286877170205","0.19186429673805833","0.19186429673805833","0.19186429673805833"
"54","1.4936556136608123","1.4936556136608123","1.4936556136608123","1.2322042056918143","1.2322042056918143","1.2322042056918143","1.0221070294082164","1.0221070294082164","1.0221070294082164","0.8331429383158684","0.8331429383158684","0.8331429383158684","0.6592546316236257","0.6592546316236257","0.6592546316236257","0.5021557389944792","0.5021557389944792","0.5021557389944792","0.3848357915505767","0.3848357915505767","0.3848357915505767","0.280839622952044","0.280839622952044","0.280839622952044","0.20991124179214238","0.20991124179214238","0.20991124179214238"
"55","1.4878491002321244","1.4878491002321244","1.4878491002321244","1.2351968178153039","1.2351968178153039","1.2351968178153039","1.0224916031956672","1.0224916031956672","1.0224916031956672","0.8159706974029541","0.8159706974029541","0.8159706974029541","0.6425903461128474","0.6425903461128474","0.6425903461128474","0.49732217960059644","0.49732217960059644","0.49732217960059644","0.3820303864404559","0.3820303864404559","0.3820303864404559","0.26876931404694915","0.26876931404694915","0.26876931404694915","0.19039220530539752","0.19039220530539752","0.19039220530539752"
"56","1.4960443529486656","1.4960443529486656","1.4960443529486656","1.2211332814395428","1.2211332814395428","1.2211332814395428","1.0008682522177696","1.0008682522177696","1.0008682522177696","0.8084777823835612","0.8084777823835612","0.8084777823835612","0.6357667516171932","0.6357667516171932","0.6357667516171932","0.4900114871188998","0.4900114871188998","0.4900114871188998","0.3670698780938983","0.3670698780938983","0.3670698780938983","0.2640393705293536","0.2640393705293536","0.2640393705293536","0.1845209826156497","0.1845209826156497","0.1845209826156497"
"57","1.4824713200330735","1.4824713200330735","1.4824713200330735","1.2302295541763306","1.2302295541763306","1.2302295541763306","0.9980029307305813","0.9980029307305813","0.9980029307305813","0.7993207444250584","0.7993207444250584","0.7993207444250584","0.6319040952622891","0.6319040952622891","0.6319040952622891","0.48363639153540133","0.48363639153540133","0.48363639153540133","0.3611005188524723","0.3611005188524723","0.3611005188524723","0.26844233825802805","0.26844233825802805","0.26844233825802805","0.17712903756648302","0.17712903756648302","0.17712903756648302"
"58","1.4913904982805253","1.4913904982805253","1.4913904982805253","1.2190743379294873","1.2190743379294873","1.2190743379294873","0.9946962970495224","0.9946962970495224","0.9946962970495224","0.7876910009980201","0.7876910009980201","0.7876910009980201","0.6189740098267794","0.6189740098267794","0.6189740098267794","0.47615343660116194","0.47615343660116194","0.47615343660116194","0.36537775307893755","0.36537775307893755","0.36537775307893755","0.2584847150929272","0.2584847150929272","0.2584847150929272","0.20353183245286346","0.20353183245286346","0.20353183245286346"
"59","1.4849324735999108","1.4849324735999108","1.4849324735999108","1.2093003275990486","1.2093003275990486","1.2093003275990486","0.9939279346168042","0.9939279346168042","0.9939279346168042","0.7844294016808271","0.7844294016808271","0.7844294016808271","0.610843397974968","0.610843397974968","0.610843397974968","0.46792409144341945","0.46792409144341945","0.46792409144341945","0.3486619448661804","0.3486619448661804","0.3486619448661804","0.25515605084598064","0.25515605084598064","0.25515605084598064","0.16648388301022352","0.16648388301022352","0.16648388301022352"
"60","1.478276688158512","1.478276688158512","1.478276688158512","1.2074766159057617","1.2074766159057617","1.2074766159057617","0.9726846379041671","0.9726846379041671","0.9726846379041671","0.7820454588532448","0.7820454588532448","0.7820454588532448","0.6019486425817013","0.6019486425817013","0.6019486425817013","0.4693657824397087","0.4693657824397087","0.4693657824397087","0.3409746754914522","0.3409746754914522","0.3409746754914522","0.24631378961727024","0.24631378961727024","0.24631378961727024","0.1718653118610382","0.1718653118610382","0.1718653118610382"
"61","1.4751130899786948","1.4751130899786948","1.4751130899786948","1.1975849531590939","1.1975849531590939","1.1975849531590939","0.9674552872776985","0.9674552872776985","0.9674552872776985","0.7771895995736122","0.7771895995736122","0.7771895995736122","0.598702053129673","0.598702053129673","0.598702053129673","0.45601998031139374","0.45601998031139374","0.45601998031139374","0.3408191879838705","0.3408191879838705","0.3408191879838705","0.25643714785575866","0.25643714785575866","0.25643714785575866","0.1786337082274258","0.1786337082274258","0.1786337082274258"
"62","1.4771798172593116","1.4771798172593116","1.4771798172593116","1.2022619931399823","1.2022619931399823","1.2022619931399823","0.9718953210115433","0.9718953210115433","0.9718953210115433","0.7705072385072708","0.7705072385072708","0.7705072385072708","0.5988971205800772","0.5988971205800772","0.5988971205800772","0.45094006791710856","0.45094006791710856","0.45094006791710856","0.3389231466129422","0.3389231466129422","0.3389231466129422","0.2457310794852674","0.2457310794852674","0.2457310794852674","0.16527182606980204","0.16527182606980204","0.16527182606980204"
"63","1.4768793767690658","1.4768793767690658","1.4768793767690658","1.1942066945135594","1.1942066945135594","1.1942066945135594","0.9575606845319271","0.9575606845319271","0.9575606845319271","0.7494017275422812","0.7494017275422812","0.7494017275422812","0.5856292843073606","0.5856292843073606","0.5856292843073606","0.4396691624075174","0.4396691624075174","0.4396691624075174","0.3253306099399924","0.3253306099399924","0.3253306099399924","0.2439788548834622","0.2439788548834622","0.2439788548834622","0.16209140685386955","0.16209140685386955","0.16209140685386955"
"64","1.4781996604800225","1.4781996604800225","1.4781996604800225","1.1934458310902119","1.1934458310902119","1.1934458310902119","0.9540064160525799","0.9540064160525799","0.9540064160525799","0.756025528460741","0.756025528460741","0.756025528460741","0.5773974339663982","0.5773974339663982","0.5773974339663982","0.43816298570483925","0.43816298570483925","0.43816298570483925","0.3290673821792007","0.3290673821792007","0.3290673821792007","0.2403738306462765","0.2403738306462765","0.2403738306462765","0.16349083735607564","0.16349083735607564","0.16349083735607564"
"65","1.4686953315138818","1.4686953315138818","1.4686953315138818","1.189413601309061","1.189413601309061","1.189413601309061","0.9547105337679386","0.9547105337679386","0.9547105337679386","0.7483081705123186","0.7483081705123186","0.7483081705123186","0.5778313402831554","0.5778313402831554","0.5778313402831554","0.4349353850632906","0.4349353850632906","0.4349353850632906","0.31826874036341907","0.31826874036341907","0.31826874036341907","0.23668955782428383","0.23668955782428383","0.23668955782428383","0.14950139766559004","0.14950139766559004","0.14950139766559004"
"66","1.469126486480236","1.469126486480236","1.469126486480236","1.1809670954942704","1.1809670954942704","1.1809670954942704","0.9380816084146499","0.9380816084146499","0.9380816084146499","0.7397755480557681","0.7397755480557681","0.7397755480557681","0.5656998240947724","0.5656998240947724","0.5656998240947724","0.4268867634609342","0.4268867634609342","0.4268867634609342","0.31609959311783314","0.31609959311783314","0.31609959311783314","0.21776667000725866","0.21776667000725866","0.21776667000725866","0.1692842156998813","0.1692842156998813","0.1692842156998813"
"67","1.4677148148417474","1.4677148148417474","1.4677148148417474","1.1746667152643204","1.1746667152643204","1.1746667152643204","0.9333822441101074","0.9333822441101074","0.9333822441101074","0.7360712766647339","0.7360712766647339","0.7360712766647339","0.5574624133855104","0.5574624133855104","0.5574624133855104","0.419752815105021","0.419752815105021","0.419752815105021","0.3134318486228585","0.3134318486228585","0.3134318486228585","0.2261886648274958","0.2261886648274958","0.2261886648274958","0.15719738073647022","0.15719738073647022","0.15719738073647022"
"68","1.4719846549630164","1.4719846549630164","1.4719846549630164","1.1753979501128198","1.1753979501128198","1.1753979501128198","0.9326287476718426","0.9326287476718426","0.9326287476718426","0.7283207499235869","0.7283207499235869","0.7283207499235869","0.5534331135451793","0.5534331135451793","0.5534331135451793","0.40835773576051","0.40835773576051","0.40835773576051","0.313471610583365","0.313471610583365","0.313471610583365","0.22520128201693296","0.22520128201693296","0.22520128201693296","0.15626259244978427","0.15626259244978427","0.15626259244978427"
"69","1.4636251032352448","1.4636251032352448","1.4636251032352448","1.167150244563818","1.167150244563818","1.167150244563818","0.9366045877337456","0.9366045877337456","0.9366045877337456","0.7258496765792369","0.7258496765792369","0.7258496765792369","0.5503963457792997","0.5503963457792997","0.5503963457792997","0.413330118060112","0.413330118060112","0.413330118060112","0.3024910447001457","0.3024910447001457","0.3024910447001457","0.22260096095502377","0.22260096095502377","0.22260096095502377","0.1555042037833482","0.1555042037833482","0.1555042037833482"
"70","1.4590637770295143","1.4590637770295143","1.4590637770295143","1.1585575875639915","1.1585575875639915","1.1585575875639915","0.9259450502693654","0.9259450502693654","0.9259450502693654","0.7187143915891647","0.7187143915891647","0.7187143915891647","0.540367964208126","0.540367964208126","0.540367964208126","0.41202706791460514","0.41202706791460514","0.41202706791460514","0.29707056827843187","0.29707056827843187","0.29707056827843187","0.21450039952993394","0.21450039952993394","0.21450039952993394","0.1486774753034115","0.1486774753034115","0.1486774753034115"
"71","1.4599539983272551","1.4599539983272551","1.4599539983272551","1.1623100367188455","1.1623100367188455","1.1623100367188455","0.9146197180449963","0.9146197180449963","0.9146197180449963","0.7089603713899851","0.7089603713899851","0.7089603713899851","0.5396520886570215","0.5396520886570215","0.5396520886570215","0.39903097424656153","0.39903097424656153","0.39903097424656153","0.2882865944877267","0.2882865944877267","0.2882865944877267","0.2176982707157731","0.2176982707157731","0.2176982707157731","0.14611072901636363","0.14611072901636363","0.14611072901636363"
"72","1.4581121754646302","1.4581121754646302","1.4581121754646302","1.162691787481308","1.162691787481308","1.162691787481308","0.9123135884106159","0.9123135884106159","0.9123135884106159","0.701835953220725","0.701835953220725","0.701835953220725","0.5312379178404808","0.5312379178404808","0.5312379178404808","0.4028561493009329","0.4028561493009329","0.4028561493009329","0.28942056324332954","0.28942056324332954","0.28942056324332954","0.1990814200323075","0.1990814200323075","0.1990814200323075","0.14821515450254083","0.14821515450254083","0.14821515450254083"
"73","1.4608364328742027","1.4608364328742027","1.4608364328742027","1.15765149846673","1.15765149846673","1.15765149846673","0.9001961074769497","0.9001961074769497","0.9001961074769497","0.6972530170530081","0.6972530170530081","0.6972530170530081","0.5250347977876664","0.5250347977876664","0.5250347977876664","0.3955978796631098","0.3955978796631098","0.3955978796631098","0.29618259131908414","0.29618259131908414","0.29618259131908414","0.2073987467214465","0.2073987467214465","0.2073987467214465","0.13998447420075535","0.13998447420075535","0.13998447420075535"
"74","1.4604215240478515","1.4604215240478515","1.4604215240478515","1.1518735748529434","1.1518735748529434","1.1518735748529434","0.908500863313675","0.908500863313675","0.908500863313675","0.6943060741573572","0.6943060741573572","0.6943060741573572","0.5291140470653772","0.5291140470653772","0.5291140470653772","0.37735385075211525","0.37735385075211525","0.37735385075211525","0.28585881559178233","0.28585881559178233","0.28585881559178233","0.2088073091208935","0.2088073091208935","0.2088073091208935","0.13231184653937816","0.13231184653937816","0.13231184653937816"
"75","1.4525930684804917","1.4525930684804917","1.4525930684804917","1.1559628877043724","1.1559628877043724","1.1559628877043724","0.8974992987513543","0.8974992987513543","0.8974992987513543","0.6865096499025821","0.6865096499025821","0.6865096499025821","0.5159185917675495","0.5159185917675495","0.5159185917675495","0.3831296470016241","0.3831296470016241","0.3831296470016241","0.28398973686620593","0.28398973686620593","0.28398973686620593","0.20129901379346848","0.20129901379346848","0.20129901379346848","0.13848152463324367","0.13848152463324367","0.13848152463324367"
"76","1.4469998195767402","1.4469998195767402","1.4469998195767402","1.145354333370924","1.145354333370924","1.145354333370924","0.8919377709925175","0.8919377709925175","0.8919377709925175","0.6804132190346718","0.6804132190346718","0.6804132190346718","0.5111556093394757","0.5111556093394757","0.5111556093394757","0.37968023248016836","0.37968023248016836","0.37968023248016836","0.2711193463020027","0.2711193463020027","0.2711193463020027","0.1972756348364055","0.1972756348364055","0.1972756348364055","0.13873928591609","0.13873928591609","0.13873928591609"
"77","1.4482363536953926","1.4482363536953926","1.4482363536953926","1.1453236930072308","1.1453236930072308","1.1453236930072308","0.8920996843278408","0.8920996843278408","0.8920996843278408","0.6802949713170529","0.6802949713170529","0.6802949713170529","0.5081883255392313","0.5081883255392313","0.5081883255392313","0.37528185289353133","0.37528185289353133","0.37528185289353133","0.28081422969698905","0.28081422969698905","0.28081422969698905","0.19416261736303567","0.19416261736303567","0.19416261736303567","0.13666046131402254","0.13666046131402254","0.13666046131402254"
"78","1.4463089376688003","1.4463089376688003","1.4463089376688003","1.1449196669459343","1.1449196669459343","1.1449196669459343","0.8842834787070751","0.8842834787070751","0.8842834787070751","0.6696401888132095","0.6696401888132095","0.6696401888132095","0.5060653132200241","0.5060653132200241","0.5060653132200241","0.3772655700519681","0.3772655700519681","0.3772655700519681","0.271590290106833","0.271590290106833","0.271590290106833","0.1989650451205671","0.1989650451205671","0.1989650451205671","0.12447933448478579","0.12447933448478579","0.12447933448478579"
"79","1.4461362713575363","1.4461362713575363","1.4461362713575363","1.1388199408352375","1.1388199408352375","1.1388199408352375","0.8768014018237591","0.8768014018237591","0.8768014018237591","0.6634887007623911","0.6634887007623911","0.6634887007623911","0.5058920516818762","0.5058920516818762","0.5058920516818762","0.36458671823143957","0.36458671823143957","0.36458671823143957","0.26859166864305734","0.26859166864305734","0.26859166864305734","0.20182871498167515","0.20182871498167515","0.20182871498167515","0.13950439050793648","0.13950439050793648","0.13950439050793648"
"80","1.445159476995468","1.445159476995468","1.445159476995468","1.126028957515955","1.126028957515955","1.126028957515955","0.8727825574576855","0.8727825574576855","0.8727825574576855","0.6646407806128264","0.6646407806128264","0.6646407806128264","0.48636014223098756","0.48636014223098756","0.48636014223098756","0.35970979172736406","0.35970979172736406","0.35970979172736406","0.2646153950877488","0.2646153950877488","0.2646153950877488","0.19384181562811137","0.19384181562811137","0.19384181562811137","0.12327188818249851","0.12327188818249851","0.12327188818249851"
"81","1.44044087767601","1.44044087767601","1.44044087767601","1.1291664431989192","1.1291664431989192","1.1291664431989192","0.8735086157917976","0.8735086157917976","0.8735086157917976","0.6582150234282017","0.6582150234282017","0.6582150234282017","0.48945739954710005","0.48945739954710005","0.48945739954710005","0.3666848981380463","0.3666848981380463","0.3666848981380463","0.2651483465358615","0.2651483465358615","0.2651483465358615","0.18456408629193902","0.18456408629193902","0.18456408629193902","0.12003525168634951","0.12003525168634951","0.12003525168634951"
"82","1.4375064957141876","1.4375064957141876","1.4375064957141876","1.1244729091227055","1.1244729091227055","1.1244729091227055","0.8702089777588844","0.8702089777588844","0.8702089777588844","0.6531814049929381","0.6531814049929381","0.6531814049929381","0.4875867534428835","0.4875867534428835","0.4875867534428835","0.3556741239503026","0.3556741239503026","0.3556741239503026","0.2646205746009946","0.2646205746009946","0.2646205746009946","0.18300778238102794","0.18300778238102794","0.18300778238102794","0.14075665858574213","0.14075665858574213","0.14075665858574213"
"83","1.439643181860447","1.439643181860447","1.439643181860447","1.1231812779605388","1.1231812779605388","1.1231812779605388","0.859750408232212","0.859750408232212","0.859750408232212","0.6487839439511299","0.6487839439511299","0.6487839439511299","0.48736710026860236","0.48736710026860236","0.48736710026860236","0.3535367925837636","0.3535367925837636","0.3535367925837636","0.26243982842192054","0.26243982842192054","0.26243982842192054","0.17415654595941304","0.17415654595941304","0.17415654595941304","0.13146288596093655","0.13146288596093655","0.13146288596093655"
"84","1.4329414343833924","1.4329414343833924","1.4329414343833924","1.1188803750276566","1.1188803750276566","1.1188803750276566","0.8555484426021576","0.8555484426021576","0.8555484426021576","0.6402187849581241","0.6402187849581241","0.6402187849581241","0.4676691206917167","0.4676691206917167","0.4676691206917167","0.35135250266641377","0.35135250266641377","0.35135250266641377","0.25302174393087623","0.25302174393087623","0.25302174393087623","0.18553492565639318","0.18553492565639318","0.18553492565639318","0.1176213018456474","0.1176213018456474","0.1176213018456474"
"85","1.4318241381645203","1.4318241381645203","1.4318241381645203","1.123658523261547","1.123658523261547","1.123658523261547","0.8532186941802502","0.8532186941802502","0.8532186941802502","0.6385522505640984","0.6385522505640984","0.6385522505640984","0.47276070892810823","0.47276070892810823","0.47276070892810823","0.34560864850878714","0.34560864850878714","0.34560864850878714","0.2679680958762765","0.2679680958762765","0.2679680958762765","0.18780736193060876","0.18780736193060876","0.18780736193060876","0.11671197937335819","0.11671197937335819","0.11671197937335819"
"86","1.436131486594677","1.436131486594677","1.436131486594677","1.1052111752331257","1.1052111752331257","1.1052111752331257","0.8475003813207149","0.8475003813207149","0.8475003813207149","0.6408502003550529","0.6408502003550529","0.6408502003550529","0.4673981112241745","0.4673981112241745","0.4673981112241745","0.3438725965470076","0.3438725965470076","0.3438725965470076","0.25116746095940473","0.25116746095940473","0.25116746095940473","0.17858760410919786","0.17858760410919786","0.17858760410919786","0.13474391957279294","0.13474391957279294","0.13474391957279294"
"87","1.42582710981369","1.42582710981369","1.42582710981369","1.114916958063841","1.114916958063841","1.114916958063841","0.8407371708750725","0.8407371708750725","0.8407371708750725","0.6376186625659466","0.6376186625659466","0.6376186625659466","0.4636159901320934","0.4636159901320934","0.4636159901320934","0.34615460738539694","0.34615460738539694","0.34615460738539694","0.2495375012792647","0.2495375012792647","0.2495375012792647","0.16909631843678652","0.16909631843678652","0.16909631843678652","0.11424584795255215","0.11424584795255215","0.11424584795255215"
"88","1.4301224154233934","1.4301224154233934","1.4301224154233934","1.1035634000599384","1.1035634000599384","1.1035634000599384","0.8429138171672821","0.8429138171672821","0.8429138171672821","0.6232126957178116","0.6232126957178116","0.6232126957178116","0.4629463193565607","0.4629463193565607","0.4629463193565607","0.33291057497262955","0.33291057497262955","0.33291057497262955","0.23639321472495795","0.23639321472495795","0.23639321472495795","0.1736095033213496","0.1736095033213496","0.1736095033213496","0.12243366571608931","0.12243366571608931","0.12243366571608931"
"89","1.4296071347594261","1.4296071347594261","1.4296071347594261","1.1078306785225869","1.1078306785225869","1.1078306785225869","0.8327386055886745","0.8327386055886745","0.8327386055886745","0.6161732728779316","0.6161732728779316","0.6161732728779316","0.45570657908916473","0.45570657908916473","0.45570657908916473","0.3278350882604718","0.3278350882604718","0.3278350882604718","0.23909073362126945","0.23909073362126945","0.23909073362126945","0.1699442773591727","0.1699442773591727","0.1699442773591727","0.1339070794545114","0.1339070794545114","0.1339070794545114"
"90","1.416362778842449","1.416362778842449","1.416362778842449","1.0942668366432189","1.0942668366432189","1.0942668366432189","0.8341245886683464","0.8341245886683464","0.8341245886683464","0.6206858521699905","0.6206858521699905","0.6206858521699905","0.45867737963795663","0.45867737963795663","0.45867737963795663","0.3297866924479604","0.3297866924479604","0.3297866924479604","0.24809407372027636","0.24809407372027636","0.24809407372027636","0.16748755550011993","0.16748755550011993","0.16748755550011993","0.11790703023318201","0.11790703023318201","0.11790703023318201"
"91","1.4208615842461585","1.4208615842461585","1.4208615842461585","1.093188454657793","1.093188454657793","1.093188454657793","0.8232929192483425","0.8232929192483425","0.8232929192483425","0.6098325761407614","0.6098325761407614","0.6098325761407614","0.4503460628911853","0.4503460628911853","0.4503460628911853","0.3352655089646578","0.3352655089646578","0.3352655089646578","0.239943425077945","0.239943425077945","0.239943425077945","0.17865608034655453","0.17865608034655453","0.17865608034655453","0.11623791232239455","0.11623791232239455","0.11623791232239455"
"92","1.419203004837036","1.419203004837036","1.419203004837036","1.0919615797698499","1.0919615797698499","1.0919615797698499","0.8264173536002636","0.8264173536002636","0.8264173536002636","0.612645672634244","0.612645672634244","0.612645672634244","0.4432633378356695","0.4432633378356695","0.4432633378356695","0.3362558552250266","0.3362558552250266","0.3362558552250266","0.2365473257191479","0.2365473257191479","0.2365473257191479","0.16439092211425305","0.16439092211425305","0.16439092211425305","0.10524466886185109","0.10524466886185109","0.10524466886185109"
"93","1.4239565736055375","1.4239565736055375","1.4239565736055375","1.0896148569881916","1.0896148569881916","1.0896148569881916","0.8225504516065121","0.8225504516065121","0.8225504516065121","0.6068721746653318","0.6068721746653318","0.6068721746653318","0.4409778044000268","0.4409778044000268","0.4409778044000268","0.3151149284094572","0.3151149284094572","0.3151149284094572","0.23468654718250037","0.23468654718250037","0.23468654718250037","0.17478057191707194","0.17478057191707194","0.17478057191707194","0.11439350680913776","0.11439350680913776","0.11439350680913776"
"94","1.4202436873316764","1.4202436873316764","1.4202436873316764","1.088434256017208","1.088434256017208","1.088434256017208","0.8170231771469116","0.8170231771469116","0.8170231771469116","0.6020795230567455","0.6020795230567455","0.6020795230567455","0.4374233736842871","0.4374233736842871","0.4374233736842871","0.32445900671184064","0.32445900671184064","0.32445900671184064","0.23274065306410194","0.23274065306410194","0.23274065306410194","0.16480093667283655","0.16480093667283655","0.16480093667283655","0.12465379178058356","0.12465379178058356","0.12465379178058356"
"95","1.4189649456739426","1.4189649456739426","1.4189649456739426","1.0854760852456093","1.0854760852456093","1.0854760852456093","0.8069871021807193","0.8069871021807193","0.8069871021807193","0.5943823773413897","0.5943823773413897","0.5943823773413897","0.42825497906655074","0.42825497906655074","0.42825497906655074","0.31077722009271386","0.31077722009271386","0.31077722009271386","0.2242439891397953","0.2242439891397953","0.2242439891397953","0.15973778268322347","0.15973778268322347","0.15973778268322347","0.1022445465484634","0.1022445465484634","0.1022445465484634"
"96","1.4087435439229012","1.4087435439229012","1.4087435439229012","1.0778842990100383","1.0778842990100383","1.0778842990100383","0.8039630037546158","0.8039630037546158","0.8039630037546158","0.5983340812474489","0.5983340812474489","0.5983340812474489","0.43515781488269567","0.43515781488269567","0.43515781488269567","0.3131347916647792","0.3131347916647792","0.3131347916647792","0.22731730967760086","0.22731730967760086","0.22731730967760086","0.15475591984111817","0.15475591984111817","0.15475591984111817","0.10090447907336056","0.10090447907336056","0.10090447907336056"
"97","1.4105498245358468","1.4105498245358468","1.4105498245358468","1.0801160956919194","1.0801160956919194","1.0801160956919194","0.8020660983026028","0.8020660983026028","0.8020660983026028","0.6022636705636978","0.6022636705636978","0.6022636705636978","0.4267598517984152","0.4267598517984152","0.4267598517984152","0.3154949760437012","0.3154949760437012","0.3154949760437012","0.22935631785541774","0.22935631785541774","0.22935631785541774","0.16066754698753358","0.16066754698753358","0.16066754698753358","0.12021949117537588","0.12021949117537588","0.12021949117537588"
"98","1.410056659579277","1.410056659579277","1.410056659579277","1.078421477973461","1.078421477973461","1.078421477973461","0.7996043342351914","0.7996043342351914","0.7996043342351914","0.5882467839121819","0.5882467839121819","0.5882467839121819","0.4257671767100692","0.4257671767100692","0.4257671767100692","0.30048911593854427","0.30048911593854427","0.30048911593854427","0.21912995386868717","0.21912995386868717","0.21912995386868717","0.17174395977519452","0.17174395977519452","0.17174395977519452","0.11356070540845394","0.11356070540845394","0.11356070540845394"
"99","1.419014829993248","1.419014829993248","1.419014829993248","1.0674800001084805","1.0674800001084805","1.0674800001084805","0.7995028853416443","0.7995028853416443","0.7995028853416443","0.5787583400309085","0.5787583400309085","0.5787583400309085","0.42447978850454093","0.42447978850454093","0.42447978850454093","0.30534277234226465","0.30534277234226465","0.30534277234226465","0.22144776167348026","0.22144776167348026","0.22144776167348026","0.14527262108400463","0.14527262108400463","0.14527262108400463","0.09768563395831734","0.09768563395831734","0.09768563395831734"
"100","1.4041487520933151","1.4041487520933151","1.4041487520933151","1.0731306006014347","1.0731306006014347","1.0731306006014347","0.789626145362854","0.789626145362854","0.789626145362854","0.5812549725919962","0.5812549725919962","0.5812549725919962","0.41877837050706146","0.41877837050706146","0.41877837050706146","0.3137151250988245","0.3137151250988245","0.3137151250988245","0.22469398237764834","0.22469398237764834","0.22469398237764834","0.15523853160440923","0.15523853160440923","0.15523853160440923","0.10440768576227129","0.10440768576227129","0.10440768576227129"